Name,Type,Total,HP,Attack,Defense,Sp. Atk,Sp. Def,Speed,Image Path
Bulbasaur,Grass/Poison,318,45,49,49,65,65,45,pokemon-images\Bulbasaur.jpg
Ivysaur,Grass/Poison,405,60,62,63,80,80,60,pokemon-images\Ivysaur.jpg
Venusaur,Grass/Poison,525,80,82,83,100,100,80,pokemon-images\Venusaur.jpg
Mega Venusaur,Grass/Poison,625,80,100,123,122,120,80,pokemon-images\Mega Venusaur.jpg
Charmander,Fire,309,39,52,43,60,50,65,pokemon-images\Charmander.jpg
Charmeleon,Fire,405,58,64,58,80,65,80,pokemon-images\Charmeleon.jpg
Charizard,Fire/Flying,534,78,84,78,109,85,100,pokemon-images\Charizard.jpg
Mega Charizard X,Fire/Dragon,634,78,130,111,130,85,100,pokemon-images\Mega Charizard X.jpg
Mega Charizard Y,Fire/Flying,634,78,104,78,159,115,100,pokemon-images\Mega Charizard Y.jpg
Squirtle,Water,314,44,48,65,50,64,43,pokemon-images\Squirtle.jpg
Wartortle,Water,405,59,63,80,65,80,58,pokemon-images\Wartortle.jpg
Blastoise,Water,530,79,83,100,85,105,78,pokemon-images\Blastoise.jpg
Mega Blastoise,Water,630,79,103,120,135,115,78,pokemon-images\Mega Blastoise.jpg
Caterpie,Bug,195,45,30,35,20,20,45,pokemon-images\Caterpie.jpg
Metapod,Bug,205,50,20,55,25,25,30,pokemon-images\Metapod.jpg
Butterfree,Bug/Flying,395,60,45,50,90,80,70,pokemon-images\Butterfree.jpg
Weedle,Bug/Poison,195,40,35,30,20,20,50,pokemon-images\Weedle.jpg
Kakuna,Bug/Poison,205,45,25,50,25,25,35,pokemon-images\Kakuna.jpg
Beedrill,Bug/Poison,395,65,90,40,45,80,75,pokemon-images\Beedrill.jpg
Mega Beedrill,Bug/Poison,495,65,150,40,15,80,145,pokemon-images\Mega Beedrill.jpg
Pidgey,Normal/Flying,251,40,45,40,35,35,56,pokemon-images\Pidgey.jpg
Pidgeotto,Normal/Flying,349,63,60,55,50,50,71,pokemon-images\Pidgeotto.jpg
Pidgeot,Normal/Flying,479,83,80,75,70,70,101,pokemon-images\Pidgeot.jpg
Mega Pidgeot,Normal/Flying,579,83,80,80,135,80,121,pokemon-images\Mega Pidgeot.jpg
Rattata,Normal,253,30,56,35,25,35,72,pokemon-images\Rattata.jpg
Alolan Rattata,Dark/Normal,253,30,56,35,25,35,72,pokemon-images\Alolan Rattata.jpg
Raticate,Normal,413,55,81,60,50,70,97,pokemon-images\Raticate.jpg
Alolan Raticate,Dark/Normal,413,75,71,70,40,80,77,pokemon-images\Alolan Raticate.jpg
Spearow,Normal/Flying,262,40,60,30,31,31,70,pokemon-images\Spearow.jpg
Fearow,Normal/Flying,442,65,90,65,61,61,100,pokemon-images\Fearow.jpg
Ekans,Poison,288,35,60,44,40,54,55,pokemon-images\Ekans.jpg
Arbok,Poison,448,60,95,69,65,79,80,pokemon-images\Arbok.jpg
Pikachu,Electric,320,35,55,40,50,50,90,pokemon-images\Pikachu.jpg
Partner Pikachu,Electric,430,45,80,50,75,60,120,pokemon-images\Partner Pikachu.jpg
Raichu,Electric,485,60,90,55,90,80,110,pokemon-images\Raichu.jpg
Alolan Raichu,Electric/Psychic,485,60,85,50,95,85,110,pokemon-images\Alolan Raichu.jpg
Sandshrew,Ground,300,50,75,85,20,30,40,pokemon-images\Sandshrew.jpg
Alolan Sandshrew,Ice/Steel,300,50,75,90,10,35,40,pokemon-images\Alolan Sandshrew.jpg
Sandslash,Ground,450,75,100,110,45,55,65,pokemon-images\Sandslash.jpg
Alolan Sandslash,Ice/Steel,450,75,100,120,25,65,65,pokemon-images\Alolan Sandslash.jpg
Nidoran♀,Poison,275,55,47,52,40,40,41,pokemon-images\Nidoran♀.jpg
Nidorina,Poison,365,70,62,67,55,55,56,pokemon-images\Nidorina.jpg
Nidoqueen,Poison/Ground,505,90,92,87,75,85,76,pokemon-images\Nidoqueen.jpg
Nidoran♂,Poison,273,46,57,40,40,40,50,pokemon-images\Nidoran♂.jpg
Nidorino,Poison,365,61,72,57,55,55,65,pokemon-images\Nidorino.jpg
Nidoking,Poison/Ground,505,81,102,77,85,75,85,pokemon-images\Nidoking.jpg
Clefairy,Fairy,323,70,45,48,60,65,35,pokemon-images\Clefairy.jpg
Clefable,Fairy,483,95,70,73,95,90,60,pokemon-images\Clefable.jpg
Vulpix,Fire,299,38,41,40,50,65,65,pokemon-images\Vulpix.jpg
Alolan Vulpix,Ice,299,38,41,40,50,65,65,pokemon-images\Alolan Vulpix.jpg
Ninetales,Fire,505,73,76,75,81,100,100,pokemon-images\Ninetales.jpg
Alolan Ninetales,Ice/Fairy,505,73,67,75,81,100,109,pokemon-images\Alolan Ninetales.jpg
Jigglypuff,Normal/Fairy,270,115,45,20,45,25,20,pokemon-images\Jigglypuff.jpg
Wigglytuff,Normal/Fairy,435,140,70,45,85,50,45,pokemon-images\Wigglytuff.jpg
Zubat,Poison/Flying,245,40,45,35,30,40,55,pokemon-images\Zubat.jpg
Golbat,Poison/Flying,455,75,80,70,65,75,90,pokemon-images\Golbat.jpg
Oddish,Grass/Poison,320,45,50,55,75,65,30,pokemon-images\Oddish.jpg
Gloom,Grass/Poison,395,60,65,70,85,75,40,pokemon-images\Gloom.jpg
Vileplume,Grass/Poison,490,75,80,85,110,90,50,pokemon-images\Vileplume.jpg
Paras,Bug/Grass,285,35,70,55,45,55,25,pokemon-images\Paras.jpg
Parasect,Bug/Grass,405,60,95,80,60,80,30,pokemon-images\Parasect.jpg
Venonat,Bug/Poison,305,60,55,50,40,55,45,pokemon-images\Venonat.jpg
Venomoth,Bug/Poison,450,70,65,60,90,75,90,pokemon-images\Venomoth.jpg
Diglett,Ground,265,10,55,25,35,45,95,pokemon-images\Diglett.jpg
Alolan Diglett,Ground/Steel,265,10,55,30,35,45,90,pokemon-images\Alolan Diglett.jpg
Dugtrio,Ground,425,35,100,50,50,70,120,pokemon-images\Dugtrio.jpg
Alolan Dugtrio,Ground/Steel,425,35,100,60,50,70,110,pokemon-images\Alolan Dugtrio.jpg
Meowth,Normal,290,40,45,35,40,40,90,pokemon-images\Meowth.jpg
Alolan Meowth,Dark,290,40,35,35,50,40,90,pokemon-images\Alolan Meowth.jpg
Galarian Meowth,Steel,290,50,65,55,40,40,40,pokemon-images\Galarian Meowth.jpg
Persian,Normal,440,65,70,60,65,65,115,pokemon-images\Persian.jpg
Alolan Persian,Dark,440,65,60,60,75,65,115,pokemon-images\Alolan Persian.jpg
Psyduck,Water,320,50,52,48,65,50,55,pokemon-images\Psyduck.jpg
Golduck,Water,500,80,82,78,95,80,85,pokemon-images\Golduck.jpg
Mankey,Fighting,305,40,80,35,35,45,70,pokemon-images\Mankey.jpg
Primeape,Fighting,455,65,105,60,60,70,95,pokemon-images\Primeape.jpg
Growlithe,Fire,350,55,70,45,70,50,60,pokemon-images\Growlithe.jpg
Hisuian Growlithe,Fire/Rock,350,60,75,45,65,50,55,pokemon-images\Hisuian Growlithe.jpg
Arcanine,Fire,555,90,110,80,100,80,95,pokemon-images\Arcanine.jpg
Hisuian Arcanine,Fire/Rock,555,95,115,80,95,80,90,pokemon-images\Hisuian Arcanine.jpg
Poliwag,Water,300,40,50,40,40,40,90,pokemon-images\Poliwag.jpg
Poliwhirl,Water,385,65,65,65,50,50,90,pokemon-images\Poliwhirl.jpg
Poliwrath,Water/Fighting,510,90,95,95,70,90,70,pokemon-images\Poliwrath.jpg
Abra,Psychic,310,25,20,15,105,55,90,pokemon-images\Abra.jpg
Kadabra,Psychic,400,40,35,30,120,70,105,pokemon-images\Kadabra.jpg
Alakazam,Psychic,500,55,50,45,135,95,120,pokemon-images\Alakazam.jpg
Mega Alakazam,Psychic,600,55,50,65,175,105,150,pokemon-images\Mega Alakazam.jpg
Machop,Fighting,305,70,80,50,35,35,35,pokemon-images\Machop.jpg
Machoke,Fighting,405,80,100,70,50,60,45,pokemon-images\Machoke.jpg
Machamp,Fighting,505,90,130,80,65,85,55,pokemon-images\Machamp.jpg
Bellsprout,Grass/Poison,300,50,75,35,70,30,40,pokemon-images\Bellsprout.jpg
Weepinbell,Grass/Poison,390,65,90,50,85,45,55,pokemon-images\Weepinbell.jpg
Victreebel,Grass/Poison,490,80,105,65,100,70,70,pokemon-images\Victreebel.jpg
Tentacool,Water/Poison,335,40,40,35,50,100,70,pokemon-images\Tentacool.jpg
Tentacruel,Water/Poison,515,80,70,65,80,120,100,pokemon-images\Tentacruel.jpg
Geodude,Rock/Ground,300,40,80,100,30,30,20,pokemon-images\Geodude.jpg
Alolan Geodude,Rock/Electric,300,40,80,100,30,30,20,pokemon-images\Alolan Geodude.jpg
Graveler,Rock/Ground,390,55,95,115,45,45,35,pokemon-images\Graveler.jpg
Alolan Graveler,Rock/Electric,390,55,95,115,45,45,35,pokemon-images\Alolan Graveler.jpg
Golem,Rock/Ground,495,80,120,130,55,65,45,pokemon-images\Golem.jpg
Alolan Golem,Rock/Electric,495,80,120,130,55,65,45,pokemon-images\Alolan Golem.jpg
Ponyta,Fire,410,50,85,55,65,65,90,pokemon-images\Ponyta.jpg
Galarian Ponyta,Psychic,410,50,85,55,65,65,90,pokemon-images\Galarian Ponyta.jpg
Rapidash,Fire,500,65,100,70,80,80,105,pokemon-images\Rapidash.jpg
Galarian Rapidash,Psychic/Fairy,500,65,100,70,80,80,105,pokemon-images\Galarian Rapidash.jpg
Slowpoke,Water/Psychic,315,90,65,65,40,40,15,pokemon-images\Slowpoke.jpg
Galarian Slowpoke,Psychic,315,90,65,65,40,40,15,pokemon-images\Galarian Slowpoke.jpg
Slowbro,Water/Psychic,490,95,75,110,100,80,30,pokemon-images\Slowbro.jpg
Mega Slowbro,Water/Psychic,590,95,75,180,130,80,30,pokemon-images\Mega Slowbro.jpg
Galarian Slowbro,Poison/Psychic,490,95,100,95,100,70,30,pokemon-images\Galarian Slowbro.jpg
Magnemite,Electric/Steel,325,25,35,70,95,55,45,pokemon-images\Magnemite.jpg
Magneton,Electric/Steel,465,50,60,95,120,70,70,pokemon-images\Magneton.jpg
Farfetch'd,Normal/Flying,377,52,90,55,58,62,60,pokemon-images\Farfetch'd.jpg
Galarian Farfetch'd,Fighting,377,52,95,55,58,62,55,pokemon-images\Galarian Farfetch'd.jpg
Doduo,Normal/Flying,310,35,85,45,35,35,75,pokemon-images\Doduo.jpg
Dodrio,Normal/Flying,470,60,110,70,60,60,110,pokemon-images\Dodrio.jpg
Seel,Water,325,65,45,55,45,70,45,pokemon-images\Seel.jpg
Dewgong,Water/Ice,475,90,70,80,70,95,70,pokemon-images\Dewgong.jpg
Grimer,Poison,325,80,80,50,40,50,25,pokemon-images\Grimer.jpg
Alolan Grimer,Poison/Dark,325,80,80,50,40,50,25,pokemon-images\Alolan Grimer.jpg
Muk,Poison,500,105,105,75,65,100,50,pokemon-images\Muk.jpg
Alolan Muk,Poison/Dark,500,105,105,75,65,100,50,pokemon-images\Alolan Muk.jpg
Shellder,Water,305,30,65,100,45,25,40,pokemon-images\Shellder.jpg
Cloyster,Water/Ice,525,50,95,180,85,45,70,pokemon-images\Cloyster.jpg
Gastly,Ghost/Poison,310,30,35,30,100,35,80,pokemon-images\Gastly.jpg
Haunter,Ghost/Poison,405,45,50,45,115,55,95,pokemon-images\Haunter.jpg
Gengar,Ghost/Poison,500,60,65,60,130,75,110,pokemon-images\Gengar.jpg
Mega Gengar,Ghost/Poison,600,60,65,80,170,95,130,pokemon-images\Mega Gengar.jpg
Onix,Rock/Ground,385,35,45,160,30,45,70,pokemon-images\Onix.jpg
Drowzee,Psychic,328,60,48,45,43,90,42,pokemon-images\Drowzee.jpg
Hypno,Psychic,483,85,73,70,73,115,67,pokemon-images\Hypno.jpg
Krabby,Water,325,30,105,90,25,25,50,pokemon-images\Krabby.jpg
Kingler,Water,475,55,130,115,50,50,75,pokemon-images\Kingler.jpg
Voltorb,Electric,330,40,30,50,55,55,100,pokemon-images\Voltorb.jpg
Hisuian Voltorb,Electric/Grass,330,40,30,50,55,55,100,pokemon-images\Hisuian Voltorb.jpg
Electrode,Electric,490,60,50,70,80,80,150,pokemon-images\Electrode.jpg
Hisuian Electrode,Electric/Grass,490,60,50,70,80,80,150,pokemon-images\Hisuian Electrode.jpg
Exeggcute,Grass/Psychic,325,60,40,80,60,45,40,pokemon-images\Exeggcute.jpg
Exeggutor,Grass/Psychic,530,95,95,85,125,75,55,pokemon-images\Exeggutor.jpg
Alolan Exeggutor,Grass/Dragon,530,95,105,85,125,75,45,pokemon-images\Alolan Exeggutor.jpg
Cubone,Ground,320,50,50,95,40,50,35,pokemon-images\Cubone.jpg
Marowak,Ground,425,60,80,110,50,80,45,pokemon-images\Marowak.jpg
Alolan Marowak,Fire/Ghost,425,60,80,110,50,80,45,pokemon-images\Alolan Marowak.jpg
Hitmonlee,Fighting,455,50,120,53,35,110,87,pokemon-images\Hitmonlee.jpg
Hitmonchan,Fighting,455,50,105,79,35,110,76,pokemon-images\Hitmonchan.jpg
Lickitung,Normal,385,90,55,75,60,75,30,pokemon-images\Lickitung.jpg
Koffing,Poison,340,40,65,95,60,45,35,pokemon-images\Koffing.jpg
Weezing,Poison,490,65,90,120,85,70,60,pokemon-images\Weezing.jpg
Galarian Weezing,Poison/Fairy,490,65,90,120,85,70,60,pokemon-images\Galarian Weezing.jpg
Rhyhorn,Ground/Rock,345,80,85,95,30,30,25,pokemon-images\Rhyhorn.jpg
Rhydon,Ground/Rock,485,105,130,120,45,45,40,pokemon-images\Rhydon.jpg
Chansey,Normal,450,250,5,5,35,105,50,pokemon-images\Chansey.jpg
Tangela,Grass,435,65,55,115,100,40,60,pokemon-images\Tangela.jpg
Kangaskhan,Normal,490,105,95,80,40,80,90,pokemon-images\Kangaskhan.jpg
Mega Kangaskhan,Normal,590,105,125,100,60,100,100,pokemon-images\Mega Kangaskhan.jpg
Horsea,Water,295,30,40,70,70,25,60,pokemon-images\Horsea.jpg
Seadra,Water,440,55,65,95,95,45,85,pokemon-images\Seadra.jpg
Goldeen,Water,320,45,67,60,35,50,63,pokemon-images\Goldeen.jpg
Seaking,Water,450,80,92,65,65,80,68,pokemon-images\Seaking.jpg
Staryu,Water,340,30,45,55,70,55,85,pokemon-images\Staryu.jpg
Starmie,Water/Psychic,520,60,75,85,100,85,115,pokemon-images\Starmie.jpg
Mr. Mime,Psychic/Fairy,460,40,45,65,100,120,90,pokemon-images\Mr. Mime.jpg
Galarian Mr. Mime,Ice/Psychic,460,50,65,65,90,90,100,pokemon-images\Galarian Mr. Mime.jpg
Scyther,Bug/Flying,500,70,110,80,55,80,105,pokemon-images\Scyther.jpg
Jynx,Ice/Psychic,455,65,50,35,115,95,95,pokemon-images\Jynx.jpg
Electabuzz,Electric,490,65,83,57,95,85,105,pokemon-images\Electabuzz.jpg
Magmar,Fire,495,65,95,57,100,85,93,pokemon-images\Magmar.jpg
Pinsir,Bug,500,65,125,100,55,70,85,pokemon-images\Pinsir.jpg
Mega Pinsir,Bug/Flying,600,65,155,120,65,90,105,pokemon-images\Mega Pinsir.jpg
Tauros,Normal,490,75,100,95,40,70,110,pokemon-images\Tauros.jpg
Combat Breed,Fighting,490,75,110,105,30,70,100,pokemon-images\Combat Breed.jpg
Blaze Breed,Fighting/Fire,490,75,110,105,30,70,100,pokemon-images\Blaze Breed.jpg
Aqua Breed,Fighting/Water,490,75,110,105,30,70,100,pokemon-images\Aqua Breed.jpg
Magikarp,Water,200,20,10,55,15,20,80,pokemon-images\Magikarp.jpg
Gyarados,Water/Flying,540,95,125,79,60,100,81,pokemon-images\Gyarados.jpg
Mega Gyarados,Water/Dark,640,95,155,109,70,130,81,pokemon-images\Mega Gyarados.jpg
Lapras,Water/Ice,535,130,85,80,85,95,60,pokemon-images\Lapras.jpg
Ditto,Normal,288,48,48,48,48,48,48,pokemon-images\Ditto.jpg
Eevee,Normal,325,55,55,50,45,65,55,pokemon-images\Eevee.jpg
Partner Eevee,Normal,435,65,75,70,65,85,75,pokemon-images\Partner Eevee.jpg
Vaporeon,Water,525,130,65,60,110,95,65,pokemon-images\Vaporeon.jpg
Jolteon,Electric,525,65,65,60,110,95,130,pokemon-images\Jolteon.jpg
Flareon,Fire,525,65,130,60,95,110,65,pokemon-images\Flareon.jpg
Porygon,Normal,395,65,60,70,85,75,40,pokemon-images\Porygon.jpg
Omanyte,Rock/Water,355,35,40,100,90,55,35,pokemon-images\Omanyte.jpg
Omastar,Rock/Water,495,70,60,125,115,70,55,pokemon-images\Omastar.jpg
Kabuto,Rock/Water,355,30,80,90,55,45,55,pokemon-images\Kabuto.jpg
Kabutops,Rock/Water,495,60,115,105,65,70,80,pokemon-images\Kabutops.jpg
Aerodactyl,Rock/Flying,515,80,105,65,60,75,130,pokemon-images\Aerodactyl.jpg
Mega Aerodactyl,Rock/Flying,615,80,135,85,70,95,150,pokemon-images\Mega Aerodactyl.jpg
Snorlax,Normal,540,160,110,65,65,110,30,pokemon-images\Snorlax.jpg
Articuno,Ice/Flying,580,90,85,100,95,125,85,pokemon-images\Articuno.jpg
Galarian Articuno,Psychic/Flying,580,90,85,85,125,100,95,pokemon-images\Galarian Articuno.jpg
Zapdos,Electric/Flying,580,90,90,85,125,90,100,pokemon-images\Zapdos.jpg
Galarian Zapdos,Fighting/Flying,580,90,125,90,85,90,100,pokemon-images\Galarian Zapdos.jpg
Moltres,Fire/Flying,580,90,100,90,125,85,90,pokemon-images\Moltres.jpg
Galarian Moltres,Dark/Flying,580,90,85,90,100,125,90,pokemon-images\Galarian Moltres.jpg
Dratini,Dragon,300,41,64,45,50,50,50,pokemon-images\Dratini.jpg
Dragonair,Dragon,420,61,84,65,70,70,70,pokemon-images\Dragonair.jpg
Dragonite,Dragon/Flying,600,91,134,95,100,100,80,pokemon-images\Dragonite.jpg
Mewtwo,Psychic,680,106,110,90,154,90,130,pokemon-images\Mewtwo.jpg
Mega Mewtwo X,Psychic/Fighting,780,106,190,100,154,100,130,pokemon-images\Mega Mewtwo X.jpg
Mega Mewtwo Y,Psychic,780,106,150,70,194,120,140,pokemon-images\Mega Mewtwo Y.jpg
Mew,Psychic,600,100,100,100,100,100,100,pokemon-images\Mew.jpg
Chikorita,Grass,318,45,49,65,49,65,45,pokemon-images\Chikorita.jpg
Bayleef,Grass,405,60,62,80,63,80,60,pokemon-images\Bayleef.jpg
Meganium,Grass,525,80,82,100,83,100,80,pokemon-images\Meganium.jpg
Cyndaquil,Fire,309,39,52,43,60,50,65,pokemon-images\Cyndaquil.jpg
Quilava,Fire,405,58,64,58,80,65,80,pokemon-images\Quilava.jpg
Typhlosion,Fire,534,78,84,78,109,85,100,pokemon-images\Typhlosion.jpg
Hisuian Typhlosion,Fire/Ghost,534,73,84,78,119,85,95,pokemon-images\Hisuian Typhlosion.jpg
Totodile,Water,314,50,65,64,44,48,43,pokemon-images\Totodile.jpg
Croconaw,Water,405,65,80,80,59,63,58,pokemon-images\Croconaw.jpg
Feraligatr,Water,530,85,105,100,79,83,78,pokemon-images\Feraligatr.jpg
Sentret,Normal,215,35,46,34,35,45,20,pokemon-images\Sentret.jpg
Furret,Normal,415,85,76,64,45,55,90,pokemon-images\Furret.jpg
Hoothoot,Normal/Flying,262,60,30,30,36,56,50,pokemon-images\Hoothoot.jpg
Noctowl,Normal/Flying,452,100,50,50,86,96,70,pokemon-images\Noctowl.jpg
Ledyba,Bug/Flying,265,40,20,30,40,80,55,pokemon-images\Ledyba.jpg
Ledian,Bug/Flying,390,55,35,50,55,110,85,pokemon-images\Ledian.jpg
Spinarak,Bug/Poison,250,40,60,40,40,40,30,pokemon-images\Spinarak.jpg
Ariados,Bug/Poison,400,70,90,70,60,70,40,pokemon-images\Ariados.jpg
Crobat,Poison/Flying,535,85,90,80,70,80,130,pokemon-images\Crobat.jpg
Chinchou,Water/Electric,330,75,38,38,56,56,67,pokemon-images\Chinchou.jpg
Lanturn,Water/Electric,460,125,58,58,76,76,67,pokemon-images\Lanturn.jpg
Pichu,Electric,205,20,40,15,35,35,60,pokemon-images\Pichu.jpg
Cleffa,Fairy,218,50,25,28,45,55,15,pokemon-images\Cleffa.jpg
Igglybuff,Normal/Fairy,210,90,30,15,40,20,15,pokemon-images\Igglybuff.jpg
Togepi,Fairy,245,35,20,65,40,65,20,pokemon-images\Togepi.jpg
Togetic,Fairy/Flying,405,55,40,85,80,105,40,pokemon-images\Togetic.jpg
Natu,Psychic/Flying,320,40,50,45,70,45,70,pokemon-images\Natu.jpg
Xatu,Psychic/Flying,470,65,75,70,95,70,95,pokemon-images\Xatu.jpg
Mareep,Electric,280,55,40,40,65,45,35,pokemon-images\Mareep.jpg
Flaaffy,Electric,365,70,55,55,80,60,45,pokemon-images\Flaaffy.jpg
Ampharos,Electric,510,90,75,85,115,90,55,pokemon-images\Ampharos.jpg
Mega Ampharos,Electric/Dragon,610,90,95,105,165,110,45,pokemon-images\Mega Ampharos.jpg
Bellossom,Grass,490,75,80,95,90,100,50,pokemon-images\Bellossom.jpg
Marill,Water/Fairy,250,70,20,50,20,50,40,pokemon-images\Marill.jpg
Azumarill,Water/Fairy,420,100,50,80,60,80,50,pokemon-images\Azumarill.jpg
Sudowoodo,Rock,410,70,100,115,30,65,30,pokemon-images\Sudowoodo.jpg
Politoed,Water,500,90,75,75,90,100,70,pokemon-images\Politoed.jpg
Hoppip,Grass/Flying,250,35,35,40,35,55,50,pokemon-images\Hoppip.jpg
Skiploom,Grass/Flying,340,55,45,50,45,65,80,pokemon-images\Skiploom.jpg
Jumpluff,Grass/Flying,460,75,55,70,55,95,110,pokemon-images\Jumpluff.jpg
Aipom,Normal,360,55,70,55,40,55,85,pokemon-images\Aipom.jpg
Sunkern,Grass,180,30,30,30,30,30,30,pokemon-images\Sunkern.jpg
Sunflora,Grass,425,75,75,55,105,85,30,pokemon-images\Sunflora.jpg
Yanma,Bug/Flying,390,65,65,45,75,45,95,pokemon-images\Yanma.jpg
Wooper,Water/Ground,210,55,45,45,25,25,15,pokemon-images\Wooper.jpg
Paldean Wooper,Poison/Ground,210,55,45,45,25,25,15,pokemon-images\Paldean Wooper.jpg
Quagsire,Water/Ground,430,95,85,85,65,65,35,pokemon-images\Quagsire.jpg
Espeon,Psychic,525,65,65,60,130,95,110,pokemon-images\Espeon.jpg
Umbreon,Dark,525,95,65,110,60,130,65,pokemon-images\Umbreon.jpg
Murkrow,Dark/Flying,405,60,85,42,85,42,91,pokemon-images\Murkrow.jpg
Slowking,Water/Psychic,490,95,75,80,100,110,30,pokemon-images\Slowking.jpg
Galarian Slowking,Poison/Psychic,490,95,65,80,110,110,30,pokemon-images\Galarian Slowking.jpg
Misdreavus,Ghost,435,60,60,60,85,85,85,pokemon-images\Misdreavus.jpg
Unown,Psychic,336,48,72,48,72,48,48,pokemon-images\Unown.jpg
Wobbuffet,Psychic,405,190,33,58,33,58,33,pokemon-images\Wobbuffet.jpg
Girafarig,Normal/Psychic,455,70,80,65,90,65,85,pokemon-images\Girafarig.jpg
Pineco,Bug,290,50,65,90,35,35,15,pokemon-images\Pineco.jpg
Forretress,Bug/Steel,465,75,90,140,60,60,40,pokemon-images\Forretress.jpg
Dunsparce,Normal,415,100,70,70,65,65,45,pokemon-images\Dunsparce.jpg
Gligar,Ground/Flying,430,65,75,105,35,65,85,pokemon-images\Gligar.jpg
Steelix,Steel/Ground,510,75,85,200,55,65,30,pokemon-images\Steelix.jpg
Mega Steelix,Steel/Ground,610,75,125,230,55,95,30,pokemon-images\Mega Steelix.jpg
Snubbull,Fairy,300,60,80,50,40,40,30,pokemon-images\Snubbull.jpg
Granbull,Fairy,450,90,120,75,60,60,45,pokemon-images\Granbull.jpg
Qwilfish,Water/Poison,440,65,95,85,55,55,85,pokemon-images\Qwilfish.jpg
Hisuian Qwilfish,Dark/Poison,440,65,95,85,55,55,85,pokemon-images\Hisuian Qwilfish.jpg
Scizor,Bug/Steel,500,70,130,100,55,80,65,pokemon-images\Scizor.jpg
Mega Scizor,Bug/Steel,600,70,150,140,65,100,75,pokemon-images\Mega Scizor.jpg
Shuckle,Bug/Rock,505,20,10,230,10,230,5,pokemon-images\Shuckle.jpg
Heracross,Bug/Fighting,500,80,125,75,40,95,85,pokemon-images\Heracross.jpg
Mega Heracross,Bug/Fighting,600,80,185,115,40,105,75,pokemon-images\Mega Heracross.jpg
Sneasel,Dark/Ice,430,55,95,55,35,75,115,pokemon-images\Sneasel.jpg
Hisuian Sneasel,Fighting/Poison,430,55,95,55,35,75,115,pokemon-images\Hisuian Sneasel.jpg
Teddiursa,Normal,330,60,80,50,50,50,40,pokemon-images\Teddiursa.jpg
Ursaring,Normal,500,90,130,75,75,75,55,pokemon-images\Ursaring.jpg
Slugma,Fire,250,40,40,40,70,40,20,pokemon-images\Slugma.jpg
Magcargo,Fire/Rock,430,60,50,120,90,80,30,pokemon-images\Magcargo.jpg
Swinub,Ice/Ground,250,50,50,40,30,30,50,pokemon-images\Swinub.jpg
Piloswine,Ice/Ground,450,100,100,80,60,60,50,pokemon-images\Piloswine.jpg
Corsola,Water/Rock,410,65,55,95,65,95,35,pokemon-images\Corsola.jpg
Galarian Corsola,Ghost,410,60,55,100,65,100,30,pokemon-images\Galarian Corsola.jpg
Remoraid,Water,300,35,65,35,65,35,65,pokemon-images\Remoraid.jpg
Octillery,Water,480,75,105,75,105,75,45,pokemon-images\Octillery.jpg
Delibird,Ice/Flying,330,45,55,45,65,45,75,pokemon-images\Delibird.jpg
Mantine,Water/Flying,485,85,40,70,80,140,70,pokemon-images\Mantine.jpg
Skarmory,Steel/Flying,465,65,80,140,40,70,70,pokemon-images\Skarmory.jpg
Houndour,Dark/Fire,330,45,60,30,80,50,65,pokemon-images\Houndour.jpg
Houndoom,Dark/Fire,500,75,90,50,110,80,95,pokemon-images\Houndoom.jpg
Mega Houndoom,Dark/Fire,600,75,90,90,140,90,115,pokemon-images\Mega Houndoom.jpg
Kingdra,Water/Dragon,540,75,95,95,95,95,85,pokemon-images\Kingdra.jpg
Phanpy,Ground,330,90,60,60,40,40,40,pokemon-images\Phanpy.jpg
Donphan,Ground,500,90,120,120,60,60,50,pokemon-images\Donphan.jpg
Porygon2,Normal,515,85,80,90,105,95,60,pokemon-images\Porygon2.jpg
Stantler,Normal,465,73,95,62,85,65,85,pokemon-images\Stantler.jpg
Smeargle,Normal,250,55,20,35,20,45,75,pokemon-images\Smeargle.jpg
Tyrogue,Fighting,210,35,35,35,35,35,35,pokemon-images\Tyrogue.jpg
Hitmontop,Fighting,455,50,95,95,35,110,70,pokemon-images\Hitmontop.jpg
Smoochum,Ice/Psychic,305,45,30,15,85,65,65,pokemon-images\Smoochum.jpg
Elekid,Electric,360,45,63,37,65,55,95,pokemon-images\Elekid.jpg
Magby,Fire,365,45,75,37,70,55,83,pokemon-images\Magby.jpg
Miltank,Normal,490,95,80,105,40,70,100,pokemon-images\Miltank.jpg
Blissey,Normal,540,255,10,10,75,135,55,pokemon-images\Blissey.jpg
Raikou,Electric,580,90,85,75,115,100,115,pokemon-images\Raikou.jpg
Entei,Fire,580,115,115,85,90,75,100,pokemon-images\Entei.jpg
Suicune,Water,580,100,75,115,90,115,85,pokemon-images\Suicune.jpg
Larvitar,Rock/Ground,300,50,64,50,45,50,41,pokemon-images\Larvitar.jpg
Pupitar,Rock/Ground,410,70,84,70,65,70,51,pokemon-images\Pupitar.jpg
Tyranitar,Rock/Dark,600,100,134,110,95,100,61,pokemon-images\Tyranitar.jpg
Mega Tyranitar,Rock/Dark,700,100,164,150,95,120,71,pokemon-images\Mega Tyranitar.jpg
Lugia,Psychic/Flying,680,106,90,130,90,154,110,pokemon-images\Lugia.jpg
Ho-oh,Fire/Flying,680,106,130,90,110,154,90,pokemon-images\Ho-oh.jpg
Celebi,Psychic/Grass,600,100,100,100,100,100,100,pokemon-images\Celebi.jpg
Treecko,Grass,310,40,45,35,65,55,70,pokemon-images\Treecko.jpg
Grovyle,Grass,405,50,65,45,85,65,95,pokemon-images\Grovyle.jpg
Sceptile,Grass,530,70,85,65,105,85,120,pokemon-images\Sceptile.jpg
Mega Sceptile,Grass/Dragon,630,70,110,75,145,85,145,pokemon-images\Mega Sceptile.jpg
Torchic,Fire,310,45,60,40,70,50,45,pokemon-images\Torchic.jpg
Combusken,Fire/Fighting,405,60,85,60,85,60,55,pokemon-images\Combusken.jpg
Blaziken,Fire/Fighting,530,80,120,70,110,70,80,pokemon-images\Blaziken.jpg
Mega Blaziken,Fire/Fighting,630,80,160,80,130,80,100,pokemon-images\Mega Blaziken.jpg
Mudkip,Water,310,50,70,50,50,50,40,pokemon-images\Mudkip.jpg
Marshtomp,Water/Ground,405,70,85,70,60,70,50,pokemon-images\Marshtomp.jpg
Swampert,Water/Ground,535,100,110,90,85,90,60,pokemon-images\Swampert.jpg
Mega Swampert,Water/Ground,635,100,150,110,95,110,70,pokemon-images\Mega Swampert.jpg
Poochyena,Dark,220,35,55,35,30,30,35,pokemon-images\Poochyena.jpg
Mightyena,Dark,420,70,90,70,60,60,70,pokemon-images\Mightyena.jpg
Zigzagoon,Normal,240,38,30,41,30,41,60,pokemon-images\Zigzagoon.jpg
Galarian Zigzagoon,Dark/Normal,240,38,30,41,30,41,60,pokemon-images\Galarian Zigzagoon.jpg
Linoone,Normal,420,78,70,61,50,61,100,pokemon-images\Linoone.jpg
Galarian Linoone,Dark/Normal,420,78,70,61,50,61,100,pokemon-images\Galarian Linoone.jpg
Wurmple,Bug,195,45,45,35,20,30,20,pokemon-images\Wurmple.jpg
Silcoon,Bug,205,50,35,55,25,25,15,pokemon-images\Silcoon.jpg
Beautifly,Bug/Flying,395,60,70,50,100,50,65,pokemon-images\Beautifly.jpg
Cascoon,Bug,205,50,35,55,25,25,15,pokemon-images\Cascoon.jpg
Dustox,Bug/Poison,385,60,50,70,50,90,65,pokemon-images\Dustox.jpg
Lotad,Water/Grass,220,40,30,30,40,50,30,pokemon-images\Lotad.jpg
Lombre,Water/Grass,340,60,50,50,60,70,50,pokemon-images\Lombre.jpg
Ludicolo,Water/Grass,480,80,70,70,90,100,70,pokemon-images\Ludicolo.jpg
Seedot,Grass,220,40,40,50,30,30,30,pokemon-images\Seedot.jpg
Nuzleaf,Grass/Dark,340,70,70,40,60,40,60,pokemon-images\Nuzleaf.jpg
Shiftry,Grass/Dark,480,90,100,60,90,60,80,pokemon-images\Shiftry.jpg
Taillow,Normal/Flying,270,40,55,30,30,30,85,pokemon-images\Taillow.jpg
Swellow,Normal/Flying,455,60,85,60,75,50,125,pokemon-images\Swellow.jpg
Wingull,Water/Flying,270,40,30,30,55,30,85,pokemon-images\Wingull.jpg
Pelipper,Water/Flying,440,60,50,100,95,70,65,pokemon-images\Pelipper.jpg
Ralts,Psychic/Fairy,198,28,25,25,45,35,40,pokemon-images\Ralts.jpg
Kirlia,Psychic/Fairy,278,38,35,35,65,55,50,pokemon-images\Kirlia.jpg
Gardevoir,Psychic/Fairy,518,68,65,65,125,115,80,pokemon-images\Gardevoir.jpg
Mega Gardevoir,Psychic/Fairy,618,68,85,65,165,135,100,pokemon-images\Mega Gardevoir.jpg
Surskit,Bug/Water,269,40,30,32,50,52,65,pokemon-images\Surskit.jpg
Masquerain,Bug/Flying,454,70,60,62,100,82,80,pokemon-images\Masquerain.jpg
Shroomish,Grass,295,60,40,60,40,60,35,pokemon-images\Shroomish.jpg
Breloom,Grass/Fighting,460,60,130,80,60,60,70,pokemon-images\Breloom.jpg
Slakoth,Normal,280,60,60,60,35,35,30,pokemon-images\Slakoth.jpg
Vigoroth,Normal,440,80,80,80,55,55,90,pokemon-images\Vigoroth.jpg
Slaking,Normal,670,150,160,100,95,65,100,pokemon-images\Slaking.jpg
Nincada,Bug/Ground,266,31,45,90,30,30,40,pokemon-images\Nincada.jpg
Ninjask,Bug/Flying,456,61,90,45,50,50,160,pokemon-images\Ninjask.jpg
Shedinja,Bug/Ghost,236,1,90,45,30,30,40,pokemon-images\Shedinja.jpg
Whismur,Normal,240,64,51,23,51,23,28,pokemon-images\Whismur.jpg
Loudred,Normal,360,84,71,43,71,43,48,pokemon-images\Loudred.jpg
Exploud,Normal,490,104,91,63,91,73,68,pokemon-images\Exploud.jpg
Makuhita,Fighting,237,72,60,30,20,30,25,pokemon-images\Makuhita.jpg
Hariyama,Fighting,474,144,120,60,40,60,50,pokemon-images\Hariyama.jpg
Azurill,Normal/Fairy,190,50,20,40,20,40,20,pokemon-images\Azurill.jpg
Nosepass,Rock,375,30,45,135,45,90,30,pokemon-images\Nosepass.jpg
Skitty,Normal,260,50,45,45,35,35,50,pokemon-images\Skitty.jpg
Delcatty,Normal,400,70,65,65,55,55,90,pokemon-images\Delcatty.jpg
Sableye,Dark/Ghost,380,50,75,75,65,65,50,pokemon-images\Sableye.jpg
Mega Sableye,Dark/Ghost,480,50,85,125,85,115,20,pokemon-images\Mega Sableye.jpg
Mawile,Steel/Fairy,380,50,85,85,55,55,50,pokemon-images\Mawile.jpg
Mega Mawile,Steel/Fairy,480,50,105,125,55,95,50,pokemon-images\Mega Mawile.jpg
Aron,Steel/Rock,330,50,70,100,40,40,30,pokemon-images\Aron.jpg
Lairon,Steel/Rock,430,60,90,140,50,50,40,pokemon-images\Lairon.jpg
Aggron,Steel/Rock,530,70,110,180,60,60,50,pokemon-images\Aggron.jpg
Mega Aggron,Steel,630,70,140,230,60,80,50,pokemon-images\Mega Aggron.jpg
Meditite,Fighting/Psychic,280,30,40,55,40,55,60,pokemon-images\Meditite.jpg
Medicham,Fighting/Psychic,410,60,60,75,60,75,80,pokemon-images\Medicham.jpg
Mega Medicham,Fighting/Psychic,510,60,100,85,80,85,100,pokemon-images\Mega Medicham.jpg
Electrike,Electric,295,40,45,40,65,40,65,pokemon-images\Electrike.jpg
Manectric,Electric,475,70,75,60,105,60,105,pokemon-images\Manectric.jpg
Mega Manectric,Electric,575,70,75,80,135,80,135,pokemon-images\Mega Manectric.jpg
Plusle,Electric,405,60,50,40,85,75,95,pokemon-images\Plusle.jpg
Minun,Electric,405,60,40,50,75,85,95,pokemon-images\Minun.jpg
Volbeat,Bug,430,65,73,75,47,85,85,pokemon-images\Volbeat.jpg
Illumise,Bug,430,65,47,75,73,85,85,pokemon-images\Illumise.jpg
Roselia,Grass/Poison,400,50,60,45,100,80,65,pokemon-images\Roselia.jpg
Gulpin,Poison,302,70,43,53,43,53,40,pokemon-images\Gulpin.jpg
Swalot,Poison,467,100,73,83,73,83,55,pokemon-images\Swalot.jpg
Carvanha,Water/Dark,305,45,90,20,65,20,65,pokemon-images\Carvanha.jpg
Sharpedo,Water/Dark,460,70,120,40,95,40,95,pokemon-images\Sharpedo.jpg
Mega Sharpedo,Water/Dark,560,70,140,70,110,65,105,pokemon-images\Mega Sharpedo.jpg
Wailmer,Water,400,130,70,35,70,35,60,pokemon-images\Wailmer.jpg
Wailord,Water,500,170,90,45,90,45,60,pokemon-images\Wailord.jpg
Numel,Fire/Ground,305,60,60,40,65,45,35,pokemon-images\Numel.jpg
Camerupt,Fire/Ground,460,70,100,70,105,75,40,pokemon-images\Camerupt.jpg
Mega Camerupt,Fire/Ground,560,70,120,100,145,105,20,pokemon-images\Mega Camerupt.jpg
Torkoal,Fire,470,70,85,140,85,70,20,pokemon-images\Torkoal.jpg
Spoink,Psychic,330,60,25,35,70,80,60,pokemon-images\Spoink.jpg
Grumpig,Psychic,470,80,45,65,90,110,80,pokemon-images\Grumpig.jpg
Spinda,Normal,360,60,60,60,60,60,60,pokemon-images\Spinda.jpg
Trapinch,Ground,290,45,100,45,45,45,10,pokemon-images\Trapinch.jpg
Vibrava,Ground/Dragon,340,50,70,50,50,50,70,pokemon-images\Vibrava.jpg
Flygon,Ground/Dragon,520,80,100,80,80,80,100,pokemon-images\Flygon.jpg
Cacnea,Grass,335,50,85,40,85,40,35,pokemon-images\Cacnea.jpg
Cacturne,Grass/Dark,475,70,115,60,115,60,55,pokemon-images\Cacturne.jpg
Swablu,Normal/Flying,310,45,40,60,40,75,50,pokemon-images\Swablu.jpg
Altaria,Dragon/Flying,490,75,70,90,70,105,80,pokemon-images\Altaria.jpg
Mega Altaria,Dragon/Fairy,590,75,110,110,110,105,80,pokemon-images\Mega Altaria.jpg
Zangoose,Normal,458,73,115,60,60,60,90,pokemon-images\Zangoose.jpg
Seviper,Poison,458,73,100,60,100,60,65,pokemon-images\Seviper.jpg
Lunatone,Rock/Psychic,460,90,55,65,95,85,70,pokemon-images\Lunatone.jpg
Solrock,Rock/Psychic,460,90,95,85,55,65,70,pokemon-images\Solrock.jpg
Barboach,Water/Ground,288,50,48,43,46,41,60,pokemon-images\Barboach.jpg
Whiscash,Water/Ground,468,110,78,73,76,71,60,pokemon-images\Whiscash.jpg
Corphish,Water,308,43,80,65,50,35,35,pokemon-images\Corphish.jpg
Crawdaunt,Water/Dark,468,63,120,85,90,55,55,pokemon-images\Crawdaunt.jpg
Baltoy,Ground/Psychic,300,40,40,55,40,70,55,pokemon-images\Baltoy.jpg
Claydol,Ground/Psychic,500,60,70,105,70,120,75,pokemon-images\Claydol.jpg
Lileep,Rock/Grass,355,66,41,77,61,87,23,pokemon-images\Lileep.jpg
Cradily,Rock/Grass,495,86,81,97,81,107,43,pokemon-images\Cradily.jpg
Anorith,Rock/Bug,355,45,95,50,40,50,75,pokemon-images\Anorith.jpg
Armaldo,Rock/Bug,495,75,125,100,70,80,45,pokemon-images\Armaldo.jpg
Feebas,Water,200,20,15,20,10,55,80,pokemon-images\Feebas.jpg
Milotic,Water,540,95,60,79,100,125,81,pokemon-images\Milotic.jpg
Castform,Normal,420,70,70,70,70,70,70,pokemon-images\Castform.jpg
Sunny Form,Fire,420,70,70,70,70,70,70,pokemon-images\Sunny Form.jpg
Rainy Form,Water,420,70,70,70,70,70,70,pokemon-images\Rainy Form.jpg
Snowy Form,Ice,420,70,70,70,70,70,70,pokemon-images\Snowy Form.jpg
Kecleon,Normal,440,60,90,70,60,120,40,pokemon-images\Kecleon.jpg
Shuppet,Ghost,295,44,75,35,63,33,45,pokemon-images\Shuppet.jpg
Banette,Ghost,455,64,115,65,83,63,65,pokemon-images\Banette.jpg
Mega Banette,Ghost,555,64,165,75,93,83,75,pokemon-images\Mega Banette.jpg
Duskull,Ghost,295,20,40,90,30,90,25,pokemon-images\Duskull.jpg
Dusclops,Ghost,455,40,70,130,60,130,25,pokemon-images\Dusclops.jpg
Tropius,Grass/Flying,460,99,68,83,72,87,51,pokemon-images\Tropius.jpg
Chimecho,Psychic,455,75,50,80,95,90,65,pokemon-images\Chimecho.jpg
Absol,Dark,465,65,130,60,75,60,75,pokemon-images\Absol.jpg
Mega Absol,Dark,565,65,150,60,115,60,115,pokemon-images\Mega Absol.jpg
Wynaut,Psychic,260,95,23,48,23,48,23,pokemon-images\Wynaut.jpg
Snorunt,Ice,300,50,50,50,50,50,50,pokemon-images\Snorunt.jpg
Glalie,Ice,480,80,80,80,80,80,80,pokemon-images\Glalie.jpg
Mega Glalie,Ice,580,80,120,80,120,80,100,pokemon-images\Mega Glalie.jpg
Spheal,Ice/Water,290,70,40,50,55,50,25,pokemon-images\Spheal.jpg
Sealeo,Ice/Water,410,90,60,70,75,70,45,pokemon-images\Sealeo.jpg
Walrein,Ice/Water,530,110,80,90,95,90,65,pokemon-images\Walrein.jpg
Clamperl,Water,345,35,64,85,74,55,32,pokemon-images\Clamperl.jpg
Huntail,Water,485,55,104,105,94,75,52,pokemon-images\Huntail.jpg
Gorebyss,Water,485,55,84,105,114,75,52,pokemon-images\Gorebyss.jpg
Relicanth,Water/Rock,485,100,90,130,45,65,55,pokemon-images\Relicanth.jpg
Luvdisc,Water,330,43,30,55,40,65,97,pokemon-images\Luvdisc.jpg
Bagon,Dragon,300,45,75,60,40,30,50,pokemon-images\Bagon.jpg
Shelgon,Dragon,420,65,95,100,60,50,50,pokemon-images\Shelgon.jpg
Salamence,Dragon/Flying,600,95,135,80,110,80,100,pokemon-images\Salamence.jpg
Mega Salamence,Dragon/Flying,700,95,145,130,120,90,120,pokemon-images\Mega Salamence.jpg
Beldum,Steel/Psychic,300,40,55,80,35,60,30,pokemon-images\Beldum.jpg
Metang,Steel/Psychic,420,60,75,100,55,80,50,pokemon-images\Metang.jpg
Metagross,Steel/Psychic,600,80,135,130,95,90,70,pokemon-images\Metagross.jpg
Mega Metagross,Steel/Psychic,700,80,145,150,105,110,110,pokemon-images\Mega Metagross.jpg
Regirock,Rock,580,80,100,200,50,100,50,pokemon-images\Regirock.jpg
Regice,Ice,580,80,50,100,100,200,50,pokemon-images\Regice.jpg
Registeel,Steel,580,80,75,150,75,150,50,pokemon-images\Registeel.jpg
Latias,Dragon/Psychic,600,80,80,90,110,130,110,pokemon-images\Latias.jpg
Mega Latias,Dragon/Psychic,700,80,100,120,140,150,110,pokemon-images\Mega Latias.jpg
Latios,Dragon/Psychic,600,80,90,80,130,110,110,pokemon-images\Latios.jpg
Mega Latios,Dragon/Psychic,700,80,130,100,160,120,110,pokemon-images\Mega Latios.jpg
Kyogre,Water,670,100,100,90,150,140,90,pokemon-images\Kyogre.jpg
Primal Kyogre,Water,770,100,150,90,180,160,90,pokemon-images\Primal Kyogre.jpg
Groudon,Ground,670,100,150,140,100,90,90,pokemon-images\Groudon.jpg
Primal Groudon,Ground/Fire,770,100,180,160,150,90,90,pokemon-images\Primal Groudon.jpg
Rayquaza,Dragon/Flying,680,105,150,90,150,90,95,pokemon-images\Rayquaza.jpg
Mega Rayquaza,Dragon/Flying,780,105,180,100,180,100,115,pokemon-images\Mega Rayquaza.jpg
Jirachi,Steel/Psychic,600,100,100,100,100,100,100,pokemon-images\Jirachi.jpg
Normal Forme,Psychic,600,50,150,50,150,50,150,pokemon-images\Normal Forme.jpg
Attack Forme,Psychic,600,50,180,20,180,20,150,pokemon-images\Attack Forme.jpg
Defense Forme,Psychic,600,50,70,160,70,160,90,pokemon-images\Defense Forme.jpg
Speed Forme,Psychic,600,50,95,90,95,90,180,pokemon-images\Speed Forme.jpg
Turtwig,Grass,318,55,68,64,45,55,31,pokemon-images\Turtwig.jpg
Grotle,Grass,405,75,89,85,55,65,36,pokemon-images\Grotle.jpg
Torterra,Grass/Ground,525,95,109,105,75,85,56,pokemon-images\Torterra.jpg
Chimchar,Fire,309,44,58,44,58,44,61,pokemon-images\Chimchar.jpg
Monferno,Fire/Fighting,405,64,78,52,78,52,81,pokemon-images\Monferno.jpg
Infernape,Fire/Fighting,534,76,104,71,104,71,108,pokemon-images\Infernape.jpg
Piplup,Water,314,53,51,53,61,56,40,pokemon-images\Piplup.jpg
Prinplup,Water,405,64,66,68,81,76,50,pokemon-images\Prinplup.jpg
Empoleon,Water/Steel,530,84,86,88,111,101,60,pokemon-images\Empoleon.jpg
Starly,Normal/Flying,245,40,55,30,30,30,60,pokemon-images\Starly.jpg
Staravia,Normal/Flying,340,55,75,50,40,40,80,pokemon-images\Staravia.jpg
Staraptor,Normal/Flying,485,85,120,70,50,60,100,pokemon-images\Staraptor.jpg
Bidoof,Normal,250,59,45,40,35,40,31,pokemon-images\Bidoof.jpg
Bibarel,Normal/Water,410,79,85,60,55,60,71,pokemon-images\Bibarel.jpg
Kricketot,Bug,194,37,25,41,25,41,25,pokemon-images\Kricketot.jpg
Kricketune,Bug,384,77,85,51,55,51,65,pokemon-images\Kricketune.jpg
Shinx,Electric,263,45,65,34,40,34,45,pokemon-images\Shinx.jpg
Luxio,Electric,363,60,85,49,60,49,60,pokemon-images\Luxio.jpg
Luxray,Electric,523,80,120,79,95,79,70,pokemon-images\Luxray.jpg
Budew,Grass/Poison,280,40,30,35,50,70,55,pokemon-images\Budew.jpg
Roserade,Grass/Poison,515,60,70,65,125,105,90,pokemon-images\Roserade.jpg
Cranidos,Rock,350,67,125,40,30,30,58,pokemon-images\Cranidos.jpg
Rampardos,Rock,495,97,165,60,65,50,58,pokemon-images\Rampardos.jpg
Shieldon,Rock/Steel,350,30,42,118,42,88,30,pokemon-images\Shieldon.jpg
Bastiodon,Rock/Steel,495,60,52,168,47,138,30,pokemon-images\Bastiodon.jpg
Plant Cloak,Bug,224,40,29,45,29,45,36,pokemon-images\Plant Cloak.jpg
Sandy Cloak,Bug,224,40,29,45,29,45,36,pokemon-images\Sandy Cloak.jpg
Trash Cloak,Bug,224,40,29,45,29,45,36,pokemon-images\Trash Cloak.jpg
Plant Cloak,Bug/Grass,424,60,59,85,79,105,36,pokemon-images\Plant Cloak.jpg
Sandy Cloak,Bug/Ground,424,60,79,105,59,85,36,pokemon-images\Sandy Cloak.jpg
Trash Cloak,Bug/Steel,424,60,69,95,69,95,36,pokemon-images\Trash Cloak.jpg
Mothim,Bug/Flying,424,70,94,50,94,50,66,pokemon-images\Mothim.jpg
Combee,Bug/Flying,244,30,30,42,30,42,70,pokemon-images\Combee.jpg
Vespiquen,Bug/Flying,474,70,80,102,80,102,40,pokemon-images\Vespiquen.jpg
Pachirisu,Electric,405,60,45,70,45,90,95,pokemon-images\Pachirisu.jpg
Buizel,Water,330,55,65,35,60,30,85,pokemon-images\Buizel.jpg
Floatzel,Water,495,85,105,55,85,50,115,pokemon-images\Floatzel.jpg
Cherubi,Grass,275,45,35,45,62,53,35,pokemon-images\Cherubi.jpg
Cherrim,Grass,450,70,60,70,87,78,85,pokemon-images\Cherrim.jpg
Shellos,Water,325,76,48,48,57,62,34,pokemon-images\Shellos.jpg
Gastrodon,Water/Ground,475,111,83,68,92,82,39,pokemon-images\Gastrodon.jpg
Ambipom,Normal,482,75,100,66,60,66,115,pokemon-images\Ambipom.jpg
Drifloon,Ghost/Flying,348,90,50,34,60,44,70,pokemon-images\Drifloon.jpg
Drifblim,Ghost/Flying,498,150,80,44,90,54,80,pokemon-images\Drifblim.jpg
Buneary,Normal,350,55,66,44,44,56,85,pokemon-images\Buneary.jpg
Lopunny,Normal,480,65,76,84,54,96,105,pokemon-images\Lopunny.jpg
Mega Lopunny,Normal/Fighting,580,65,136,94,54,96,135,pokemon-images\Mega Lopunny.jpg
Mismagius,Ghost,495,60,60,60,105,105,105,pokemon-images\Mismagius.jpg
Honchkrow,Dark/Flying,505,100,125,52,105,52,71,pokemon-images\Honchkrow.jpg
Glameow,Normal,310,49,55,42,42,37,85,pokemon-images\Glameow.jpg
Purugly,Normal,452,71,82,64,64,59,112,pokemon-images\Purugly.jpg
Chingling,Psychic,285,45,30,50,65,50,45,pokemon-images\Chingling.jpg
Stunky,Poison/Dark,329,63,63,47,41,41,74,pokemon-images\Stunky.jpg
Skuntank,Poison/Dark,479,103,93,67,71,61,84,pokemon-images\Skuntank.jpg
Bronzor,Steel/Psychic,300,57,24,86,24,86,23,pokemon-images\Bronzor.jpg
Bronzong,Steel/Psychic,500,67,89,116,79,116,33,pokemon-images\Bronzong.jpg
Bonsly,Rock,290,50,80,95,10,45,10,pokemon-images\Bonsly.jpg
Mime Jr.,Psychic/Fairy,310,20,25,45,70,90,60,pokemon-images\Mime Jr..jpg
Happiny,Normal,220,100,5,5,15,65,30,pokemon-images\Happiny.jpg
Chatot,Normal/Flying,411,76,65,45,92,42,91,pokemon-images\Chatot.jpg
Spiritomb,Ghost/Dark,485,50,92,108,92,108,35,pokemon-images\Spiritomb.jpg
Gible,Dragon/Ground,300,58,70,45,40,45,42,pokemon-images\Gible.jpg
Gabite,Dragon/Ground,410,68,90,65,50,55,82,pokemon-images\Gabite.jpg
Garchomp,Dragon/Ground,600,108,130,95,80,85,102,pokemon-images\Garchomp.jpg
Mega Garchomp,Dragon/Ground,700,108,170,115,120,95,92,pokemon-images\Mega Garchomp.jpg
Munchlax,Normal,390,135,85,40,40,85,5,pokemon-images\Munchlax.jpg
Riolu,Fighting,285,40,70,40,35,40,60,pokemon-images\Riolu.jpg
Lucario,Fighting/Steel,525,70,110,70,115,70,90,pokemon-images\Lucario.jpg
Mega Lucario,Fighting/Steel,625,70,145,88,140,70,112,pokemon-images\Mega Lucario.jpg
Hippopotas,Ground,330,68,72,78,38,42,32,pokemon-images\Hippopotas.jpg
Hippowdon,Ground,525,108,112,118,68,72,47,pokemon-images\Hippowdon.jpg
Skorupi,Poison/Bug,330,40,50,90,30,55,65,pokemon-images\Skorupi.jpg
Drapion,Poison/Dark,500,70,90,110,60,75,95,pokemon-images\Drapion.jpg
Croagunk,Poison/Fighting,300,48,61,40,61,40,50,pokemon-images\Croagunk.jpg
Toxicroak,Poison/Fighting,490,83,106,65,86,65,85,pokemon-images\Toxicroak.jpg
Carnivine,Grass,454,74,100,72,90,72,46,pokemon-images\Carnivine.jpg
Finneon,Water,330,49,49,56,49,61,66,pokemon-images\Finneon.jpg
Lumineon,Water,460,69,69,76,69,86,91,pokemon-images\Lumineon.jpg
Mantyke,Water/Flying,345,45,20,50,60,120,50,pokemon-images\Mantyke.jpg
Snover,Grass/Ice,334,60,62,50,62,60,40,pokemon-images\Snover.jpg
Abomasnow,Grass/Ice,494,90,92,75,92,85,60,pokemon-images\Abomasnow.jpg
Mega Abomasnow,Grass/Ice,594,90,132,105,132,105,30,pokemon-images\Mega Abomasnow.jpg
Weavile,Dark/Ice,510,70,120,65,45,85,125,pokemon-images\Weavile.jpg
Magnezone,Electric/Steel,535,70,70,115,130,90,60,pokemon-images\Magnezone.jpg
Lickilicky,Normal,515,110,85,95,80,95,50,pokemon-images\Lickilicky.jpg
Rhyperior,Ground/Rock,535,115,140,130,55,55,40,pokemon-images\Rhyperior.jpg
Tangrowth,Grass,535,100,100,125,110,50,50,pokemon-images\Tangrowth.jpg
Electivire,Electric,540,75,123,67,95,85,95,pokemon-images\Electivire.jpg
Magmortar,Fire,540,75,95,67,125,95,83,pokemon-images\Magmortar.jpg
Togekiss,Fairy/Flying,545,85,50,95,120,115,80,pokemon-images\Togekiss.jpg
Yanmega,Bug/Flying,515,86,76,86,116,56,95,pokemon-images\Yanmega.jpg
Leafeon,Grass,525,65,110,130,60,65,95,pokemon-images\Leafeon.jpg
Glaceon,Ice,525,65,60,110,130,95,65,pokemon-images\Glaceon.jpg
Gliscor,Ground/Flying,510,75,95,125,45,75,95,pokemon-images\Gliscor.jpg
Mamoswine,Ice/Ground,530,110,130,80,70,60,80,pokemon-images\Mamoswine.jpg
Porygon-Z,Normal,535,85,80,70,135,75,90,pokemon-images\Porygon-Z.jpg
Gallade,Psychic/Fighting,518,68,125,65,65,115,80,pokemon-images\Gallade.jpg
Mega Gallade,Psychic/Fighting,618,68,165,95,65,115,110,pokemon-images\Mega Gallade.jpg
Probopass,Rock/Steel,525,60,55,145,75,150,40,pokemon-images\Probopass.jpg
Dusknoir,Ghost,525,45,100,135,65,135,45,pokemon-images\Dusknoir.jpg
Froslass,Ice/Ghost,480,70,80,70,80,70,110,pokemon-images\Froslass.jpg
Rotom,Electric/Ghost,440,50,50,77,95,77,91,pokemon-images\Rotom.jpg
Heat Rotom,Electric/Fire,520,50,65,107,105,107,86,pokemon-images\Heat Rotom.jpg
Wash Rotom,Electric/Water,520,50,65,107,105,107,86,pokemon-images\Wash Rotom.jpg
Frost Rotom,Electric/Ice,520,50,65,107,105,107,86,pokemon-images\Frost Rotom.jpg
Fan Rotom,Electric/Flying,520,50,65,107,105,107,86,pokemon-images\Fan Rotom.jpg
Mow Rotom,Electric/Grass,520,50,65,107,105,107,86,pokemon-images\Mow Rotom.jpg
Uxie,Psychic,580,75,75,130,75,130,95,pokemon-images\Uxie.jpg
Mesprit,Psychic,580,80,105,105,105,105,80,pokemon-images\Mesprit.jpg
Azelf,Psychic,580,75,125,70,125,70,115,pokemon-images\Azelf.jpg
Dialga,Steel/Dragon,680,100,120,120,150,100,90,pokemon-images\Dialga.jpg
Origin Forme,Steel/Dragon,680,100,100,120,150,120,90,pokemon-images\Origin Forme.jpg
Palkia,Water/Dragon,680,90,120,100,150,120,100,pokemon-images\Palkia.jpg
Origin Forme,Water/Dragon,680,90,100,100,150,120,120,pokemon-images\Origin Forme.jpg
Heatran,Fire/Steel,600,91,90,106,130,106,77,pokemon-images\Heatran.jpg
Regigigas,Normal,670,110,160,110,80,110,100,pokemon-images\Regigigas.jpg
Altered Forme,Ghost/Dragon,680,150,100,120,100,120,90,pokemon-images\Altered Forme.jpg
Origin Forme,Ghost/Dragon,680,150,120,100,120,100,90,pokemon-images\Origin Forme.jpg
Cresselia,Psychic,580,120,70,110,75,120,85,pokemon-images\Cresselia.jpg
Phione,Water,480,80,80,80,80,80,80,pokemon-images\Phione.jpg
Manaphy,Water,600,100,100,100,100,100,100,pokemon-images\Manaphy.jpg
Darkrai,Dark,600,70,90,90,135,90,125,pokemon-images\Darkrai.jpg
Land Forme,Grass,600,100,100,100,100,100,100,pokemon-images\Land Forme.jpg
Sky Forme,Grass/Flying,600,100,103,75,120,75,127,pokemon-images\Sky Forme.jpg
Arceus,Normal,720,120,120,120,120,120,120,pokemon-images\Arceus.jpg
Victini,Psychic/Fire,600,100,100,100,100,100,100,pokemon-images\Victini.jpg
Snivy,Grass,308,45,45,55,45,55,63,pokemon-images\Snivy.jpg
Servine,Grass,413,60,60,75,60,75,83,pokemon-images\Servine.jpg
Serperior,Grass,528,75,75,95,75,95,113,pokemon-images\Serperior.jpg
Tepig,Fire,308,65,63,45,45,45,45,pokemon-images\Tepig.jpg
Pignite,Fire/Fighting,418,90,93,55,70,55,55,pokemon-images\Pignite.jpg
Emboar,Fire/Fighting,528,110,123,65,100,65,65,pokemon-images\Emboar.jpg
Oshawott,Water,308,55,55,45,63,45,45,pokemon-images\Oshawott.jpg
Dewott,Water,413,75,75,60,83,60,60,pokemon-images\Dewott.jpg
Samurott,Water,528,95,100,85,108,70,70,pokemon-images\Samurott.jpg
Hisuian Samurott,Water/Dark,528,90,108,80,100,65,85,pokemon-images\Hisuian Samurott.jpg
Patrat,Normal,255,45,55,39,35,39,42,pokemon-images\Patrat.jpg
Watchog,Normal,420,60,85,69,60,69,77,pokemon-images\Watchog.jpg
Lillipup,Normal,275,45,60,45,25,45,55,pokemon-images\Lillipup.jpg
Herdier,Normal,370,65,80,65,35,65,60,pokemon-images\Herdier.jpg
Stoutland,Normal,500,85,110,90,45,90,80,pokemon-images\Stoutland.jpg
Purrloin,Dark,281,41,50,37,50,37,66,pokemon-images\Purrloin.jpg
Liepard,Dark,446,64,88,50,88,50,106,pokemon-images\Liepard.jpg
Pansage,Grass,316,50,53,48,53,48,64,pokemon-images\Pansage.jpg
Simisage,Grass,498,75,98,63,98,63,101,pokemon-images\Simisage.jpg
Pansear,Fire,316,50,53,48,53,48,64,pokemon-images\Pansear.jpg
Simisear,Fire,498,75,98,63,98,63,101,pokemon-images\Simisear.jpg
Panpour,Water,316,50,53,48,53,48,64,pokemon-images\Panpour.jpg
Simipour,Water,498,75,98,63,98,63,101,pokemon-images\Simipour.jpg
Munna,Psychic,292,76,25,45,67,55,24,pokemon-images\Munna.jpg
Musharna,Psychic,487,116,55,85,107,95,29,pokemon-images\Musharna.jpg
Pidove,Normal/Flying,264,50,55,50,36,30,43,pokemon-images\Pidove.jpg
Tranquill,Normal/Flying,358,62,77,62,50,42,65,pokemon-images\Tranquill.jpg
Unfezant,Normal/Flying,488,80,115,80,65,55,93,pokemon-images\Unfezant.jpg
Blitzle,Electric,295,45,60,32,50,32,76,pokemon-images\Blitzle.jpg
Zebstrika,Electric,497,75,100,63,80,63,116,pokemon-images\Zebstrika.jpg
Roggenrola,Rock,280,55,75,85,25,25,15,pokemon-images\Roggenrola.jpg
Boldore,Rock,390,70,105,105,50,40,20,pokemon-images\Boldore.jpg
Gigalith,Rock,515,85,135,130,60,80,25,pokemon-images\Gigalith.jpg
Woobat,Psychic/Flying,323,65,45,43,55,43,72,pokemon-images\Woobat.jpg
Swoobat,Psychic/Flying,425,67,57,55,77,55,114,pokemon-images\Swoobat.jpg
Drilbur,Ground,328,60,85,40,30,45,68,pokemon-images\Drilbur.jpg
Excadrill,Ground/Steel,508,110,135,60,50,65,88,pokemon-images\Excadrill.jpg
Audino,Normal,445,103,60,86,60,86,50,pokemon-images\Audino.jpg
Mega Audino,Normal/Fairy,545,103,60,126,80,126,50,pokemon-images\Mega Audino.jpg
Timburr,Fighting,305,75,80,55,25,35,35,pokemon-images\Timburr.jpg
Gurdurr,Fighting,405,85,105,85,40,50,40,pokemon-images\Gurdurr.jpg
Conkeldurr,Fighting,505,105,140,95,55,65,45,pokemon-images\Conkeldurr.jpg
Tympole,Water,294,50,50,40,50,40,64,pokemon-images\Tympole.jpg
Palpitoad,Water/Ground,384,75,65,55,65,55,69,pokemon-images\Palpitoad.jpg
Seismitoad,Water/Ground,509,105,95,75,85,75,74,pokemon-images\Seismitoad.jpg
Throh,Fighting,465,120,100,85,30,85,45,pokemon-images\Throh.jpg
Sawk,Fighting,465,75,125,75,30,75,85,pokemon-images\Sawk.jpg
Sewaddle,Bug/Grass,310,45,53,70,40,60,42,pokemon-images\Sewaddle.jpg
Swadloon,Bug/Grass,380,55,63,90,50,80,42,pokemon-images\Swadloon.jpg
Leavanny,Bug/Grass,500,75,103,80,70,80,92,pokemon-images\Leavanny.jpg
Venipede,Bug/Poison,260,30,45,59,30,39,57,pokemon-images\Venipede.jpg
Whirlipede,Bug/Poison,360,40,55,99,40,79,47,pokemon-images\Whirlipede.jpg
Scolipede,Bug/Poison,485,60,100,89,55,69,112,pokemon-images\Scolipede.jpg
Cottonee,Grass/Fairy,280,40,27,60,37,50,66,pokemon-images\Cottonee.jpg
Whimsicott,Grass/Fairy,480,60,67,85,77,75,116,pokemon-images\Whimsicott.jpg
Petilil,Grass,280,45,35,50,70,50,30,pokemon-images\Petilil.jpg
Lilligant,Grass,480,70,60,75,110,75,90,pokemon-images\Lilligant.jpg
Hisuian Lilligant,Grass/Fighting,480,70,105,75,50,75,105,pokemon-images\Hisuian Lilligant.jpg
Red-Striped Form,Water,460,70,92,65,80,55,98,pokemon-images\Red-Striped Form.jpg
Blue-Striped Form,Water,460,70,92,65,80,55,98,pokemon-images\Blue-Striped Form.jpg
White-Striped Form,Water,460,70,92,65,80,55,98,pokemon-images\White-Striped Form.jpg
Sandile,Ground/Dark,292,50,72,35,35,35,65,pokemon-images\Sandile.jpg
Krokorok,Ground/Dark,351,60,82,45,45,45,74,pokemon-images\Krokorok.jpg
Krookodile,Ground/Dark,519,95,117,80,65,70,92,pokemon-images\Krookodile.jpg
Darumaka,Fire,315,70,90,45,15,45,50,pokemon-images\Darumaka.jpg
Galarian Darumaka,Ice,315,70,90,45,15,45,50,pokemon-images\Galarian Darumaka.jpg
Standard Mode,Fire,480,105,140,55,30,55,95,pokemon-images\Standard Mode.jpg
Zen Mode,Fire/Psychic,540,105,30,105,140,105,55,pokemon-images\Zen Mode.jpg
Galarian Standard Mode,Ice,480,105,140,55,30,55,95,pokemon-images\Galarian Standard Mode.jpg
Galarian Zen Mode,Ice/Fire,540,105,160,55,30,55,135,pokemon-images\Galarian Zen Mode.jpg
Maractus,Grass,461,75,86,67,106,67,60,pokemon-images\Maractus.jpg
Dwebble,Bug/Rock,325,50,65,85,35,35,55,pokemon-images\Dwebble.jpg
Crustle,Bug/Rock,485,70,105,125,65,75,45,pokemon-images\Crustle.jpg
Scraggy,Dark/Fighting,348,50,75,70,35,70,48,pokemon-images\Scraggy.jpg
Scrafty,Dark/Fighting,488,65,90,115,45,115,58,pokemon-images\Scrafty.jpg
Sigilyph,Psychic/Flying,490,72,58,80,103,80,97,pokemon-images\Sigilyph.jpg
Yamask,Ghost,303,38,30,85,55,65,30,pokemon-images\Yamask.jpg
Galarian Yamask,Ground/Ghost,303,38,55,85,30,65,30,pokemon-images\Galarian Yamask.jpg
Cofagrigus,Ghost,483,58,50,145,95,105,30,pokemon-images\Cofagrigus.jpg
Tirtouga,Water/Rock,355,54,78,103,53,45,22,pokemon-images\Tirtouga.jpg
Carracosta,Water/Rock,495,74,108,133,83,65,32,pokemon-images\Carracosta.jpg
Archen,Rock/Flying,401,55,112,45,74,45,70,pokemon-images\Archen.jpg
Archeops,Rock/Flying,567,75,140,65,112,65,110,pokemon-images\Archeops.jpg
Trubbish,Poison,329,50,50,62,40,62,65,pokemon-images\Trubbish.jpg
Garbodor,Poison,474,80,95,82,60,82,75,pokemon-images\Garbodor.jpg
Zorua,Dark,330,40,65,40,80,40,65,pokemon-images\Zorua.jpg
Hisuian Zorua,Normal/Ghost,330,35,60,40,85,40,70,pokemon-images\Hisuian Zorua.jpg
Zoroark,Dark,510,60,105,60,120,60,105,pokemon-images\Zoroark.jpg
Hisuian Zoroark,Normal/Ghost,510,55,100,60,125,60,110,pokemon-images\Hisuian Zoroark.jpg
Minccino,Normal,300,55,50,40,40,40,75,pokemon-images\Minccino.jpg
Cinccino,Normal,470,75,95,60,65,60,115,pokemon-images\Cinccino.jpg
Gothita,Psychic,290,45,30,50,55,65,45,pokemon-images\Gothita.jpg
Gothorita,Psychic,390,60,45,70,75,85,55,pokemon-images\Gothorita.jpg
Gothitelle,Psychic,490,70,55,95,95,110,65,pokemon-images\Gothitelle.jpg
Solosis,Psychic,290,45,30,40,105,50,20,pokemon-images\Solosis.jpg
Duosion,Psychic,370,65,40,50,125,60,30,pokemon-images\Duosion.jpg
Reuniclus,Psychic,490,110,65,75,125,85,30,pokemon-images\Reuniclus.jpg
Ducklett,Water/Flying,305,62,44,50,44,50,55,pokemon-images\Ducklett.jpg
Swanna,Water/Flying,473,75,87,63,87,63,98,pokemon-images\Swanna.jpg
Vanillite,Ice,305,36,50,50,65,60,44,pokemon-images\Vanillite.jpg
Vanillish,Ice,395,51,65,65,80,75,59,pokemon-images\Vanillish.jpg
Vanilluxe,Ice,535,71,95,85,110,95,79,pokemon-images\Vanilluxe.jpg
Deerling,Normal/Grass,335,60,60,50,40,50,75,pokemon-images\Deerling.jpg
Sawsbuck,Normal/Grass,475,80,100,70,60,70,95,pokemon-images\Sawsbuck.jpg
Emolga,Electric/Flying,428,55,75,60,75,60,103,pokemon-images\Emolga.jpg
Karrablast,Bug,315,50,75,45,40,45,60,pokemon-images\Karrablast.jpg
Escavalier,Bug/Steel,495,70,135,105,60,105,20,pokemon-images\Escavalier.jpg
Foongus,Grass/Poison,294,69,55,45,55,55,15,pokemon-images\Foongus.jpg
Amoonguss,Grass/Poison,464,114,85,70,85,80,30,pokemon-images\Amoonguss.jpg
Frillish,Water/Ghost,335,55,40,50,65,85,40,pokemon-images\Frillish.jpg
Jellicent,Water/Ghost,480,100,60,70,85,105,60,pokemon-images\Jellicent.jpg
Alomomola,Water,470,165,75,80,40,45,65,pokemon-images\Alomomola.jpg
Joltik,Bug/Electric,319,50,47,50,57,50,65,pokemon-images\Joltik.jpg
Galvantula,Bug/Electric,472,70,77,60,97,60,108,pokemon-images\Galvantula.jpg
Ferroseed,Grass/Steel,305,44,50,91,24,86,10,pokemon-images\Ferroseed.jpg
Ferrothorn,Grass/Steel,489,74,94,131,54,116,20,pokemon-images\Ferrothorn.jpg
Klink,Steel,300,40,55,70,45,60,30,pokemon-images\Klink.jpg
Klang,Steel,440,60,80,95,70,85,50,pokemon-images\Klang.jpg
Klinklang,Steel,520,60,100,115,70,85,90,pokemon-images\Klinklang.jpg
Tynamo,Electric,275,35,55,40,45,40,60,pokemon-images\Tynamo.jpg
Eelektrik,Electric,405,65,85,70,75,70,40,pokemon-images\Eelektrik.jpg
Eelektross,Electric,515,85,115,80,105,80,50,pokemon-images\Eelektross.jpg
Elgyem,Psychic,335,55,55,55,85,55,30,pokemon-images\Elgyem.jpg
Beheeyem,Psychic,485,75,75,75,125,95,40,pokemon-images\Beheeyem.jpg
Litwick,Ghost/Fire,275,50,30,55,65,55,20,pokemon-images\Litwick.jpg
Lampent,Ghost/Fire,370,60,40,60,95,60,55,pokemon-images\Lampent.jpg
Chandelure,Ghost/Fire,520,60,55,90,145,90,80,pokemon-images\Chandelure.jpg
Axew,Dragon,320,46,87,60,30,40,57,pokemon-images\Axew.jpg
Fraxure,Dragon,410,66,117,70,40,50,67,pokemon-images\Fraxure.jpg
Haxorus,Dragon,540,76,147,90,60,70,97,pokemon-images\Haxorus.jpg
Cubchoo,Ice,305,55,70,40,60,40,40,pokemon-images\Cubchoo.jpg
Beartic,Ice,505,95,130,80,70,80,50,pokemon-images\Beartic.jpg
Cryogonal,Ice,515,80,50,50,95,135,105,pokemon-images\Cryogonal.jpg
Shelmet,Bug,305,50,40,85,40,65,25,pokemon-images\Shelmet.jpg
Accelgor,Bug,495,80,70,40,100,60,145,pokemon-images\Accelgor.jpg
Stunfisk,Ground/Electric,471,109,66,84,81,99,32,pokemon-images\Stunfisk.jpg
Galarian Stunfisk,Ground/Steel,471,109,81,99,66,84,32,pokemon-images\Galarian Stunfisk.jpg
Mienfoo,Fighting,350,45,85,50,55,50,65,pokemon-images\Mienfoo.jpg
Mienshao,Fighting,510,65,125,60,95,60,105,pokemon-images\Mienshao.jpg
Druddigon,Dragon,485,77,120,90,60,90,48,pokemon-images\Druddigon.jpg
Golett,Ground/Ghost,303,59,74,50,35,50,35,pokemon-images\Golett.jpg
Golurk,Ground/Ghost,483,89,124,80,55,80,55,pokemon-images\Golurk.jpg
Pawniard,Dark/Steel,340,45,85,70,40,40,60,pokemon-images\Pawniard.jpg
Bisharp,Dark/Steel,490,65,125,100,60,70,70,pokemon-images\Bisharp.jpg
Bouffalant,Normal,490,95,110,95,40,95,55,pokemon-images\Bouffalant.jpg
Rufflet,Normal/Flying,350,70,83,50,37,50,60,pokemon-images\Rufflet.jpg
Braviary,Normal/Flying,510,100,123,75,57,75,80,pokemon-images\Braviary.jpg
Hisuian Braviary,Psychic/Flying,510,110,83,70,112,70,65,pokemon-images\Hisuian Braviary.jpg
Vullaby,Dark/Flying,370,70,55,75,45,65,60,pokemon-images\Vullaby.jpg
Mandibuzz,Dark/Flying,510,110,65,105,55,95,80,pokemon-images\Mandibuzz.jpg
Heatmor,Fire,484,85,97,66,105,66,65,pokemon-images\Heatmor.jpg
Durant,Bug/Steel,484,58,109,112,48,48,109,pokemon-images\Durant.jpg
Deino,Dark/Dragon,300,52,65,50,45,50,38,pokemon-images\Deino.jpg
Zweilous,Dark/Dragon,420,72,85,70,65,70,58,pokemon-images\Zweilous.jpg
Hydreigon,Dark/Dragon,600,92,105,90,125,90,98,pokemon-images\Hydreigon.jpg
Larvesta,Bug/Fire,360,55,85,55,50,55,60,pokemon-images\Larvesta.jpg
Volcarona,Bug/Fire,550,85,60,65,135,105,100,pokemon-images\Volcarona.jpg
Cobalion,Steel/Fighting,580,91,90,129,90,72,108,pokemon-images\Cobalion.jpg
Terrakion,Rock/Fighting,580,91,129,90,72,90,108,pokemon-images\Terrakion.jpg
Virizion,Grass/Fighting,580,91,90,72,90,129,108,pokemon-images\Virizion.jpg
Incarnate Forme,Flying,580,79,115,70,125,80,111,pokemon-images\Incarnate Forme.jpg
Therian Forme,Flying,580,79,100,80,110,90,121,pokemon-images\Therian Forme.jpg
Incarnate Forme,Electric/Flying,580,79,115,70,125,80,111,pokemon-images\Incarnate Forme.jpg
Therian Forme,Electric/Flying,580,79,105,70,145,80,101,pokemon-images\Therian Forme.jpg
Reshiram,Dragon/Fire,680,100,120,100,150,120,90,pokemon-images\Reshiram.jpg
Zekrom,Dragon/Electric,680,100,150,120,120,100,90,pokemon-images\Zekrom.jpg
Incarnate Forme,Ground/Flying,600,89,125,90,115,80,101,pokemon-images\Incarnate Forme.jpg
Therian Forme,Ground/Flying,600,89,145,90,105,80,91,pokemon-images\Therian Forme.jpg
Kyurem,Dragon/Ice,660,125,130,90,130,90,95,pokemon-images\Kyurem.jpg
White Kyurem,Dragon/Ice,700,125,120,90,170,100,95,pokemon-images\White Kyurem.jpg
Black Kyurem,Dragon/Ice,700,125,170,100,120,90,95,pokemon-images\Black Kyurem.jpg
Ordinary Form,Water/Fighting,580,91,72,90,129,90,108,pokemon-images\Ordinary Form.jpg
Resolute Form,Water/Fighting,580,91,72,90,129,90,108,pokemon-images\Resolute Form.jpg
Aria Forme,Normal/Psychic,600,100,77,77,128,128,90,pokemon-images\Aria Forme.jpg
Pirouette Forme,Normal/Fighting,600,100,128,90,77,77,128,pokemon-images\Pirouette Forme.jpg
Genesect,Bug/Steel,600,71,120,95,120,95,99,pokemon-images\Genesect.jpg
Chespin,Grass,313,56,61,65,48,45,38,pokemon-images\Chespin.jpg
Quilladin,Grass,405,61,78,95,56,58,57,pokemon-images\Quilladin.jpg
Chesnaught,Grass/Fighting,530,88,107,122,74,75,64,pokemon-images\Chesnaught.jpg
Fennekin,Fire,307,40,45,40,62,60,60,pokemon-images\Fennekin.jpg
Braixen,Fire,409,59,59,58,90,70,73,pokemon-images\Braixen.jpg
Delphox,Fire/Psychic,534,75,69,72,114,100,104,pokemon-images\Delphox.jpg
Froakie,Water,314,41,56,40,62,44,71,pokemon-images\Froakie.jpg
Frogadier,Water,405,54,63,52,83,56,97,pokemon-images\Frogadier.jpg
Greninja,Water/Dark,530,72,95,67,103,71,122,pokemon-images\Greninja.jpg
Ash-Greninja,Water/Dark,640,72,145,67,153,71,132,pokemon-images\Ash-Greninja.jpg
Bunnelby,Normal,237,38,36,38,32,36,57,pokemon-images\Bunnelby.jpg
Diggersby,Normal/Ground,423,85,56,77,50,77,78,pokemon-images\Diggersby.jpg
Fletchling,Normal/Flying,278,45,50,43,40,38,62,pokemon-images\Fletchling.jpg
Fletchinder,Fire/Flying,382,62,73,55,56,52,84,pokemon-images\Fletchinder.jpg
Talonflame,Fire/Flying,499,78,81,71,74,69,126,pokemon-images\Talonflame.jpg
Scatterbug,Bug,200,38,35,40,27,25,35,pokemon-images\Scatterbug.jpg
Spewpa,Bug,213,45,22,60,27,30,29,pokemon-images\Spewpa.jpg
Vivillon,Bug/Flying,411,80,52,50,90,50,89,pokemon-images\Vivillon.jpg
Litleo,Fire/Normal,369,62,50,58,73,54,72,pokemon-images\Litleo.jpg
Pyroar,Fire/Normal,507,86,68,72,109,66,106,pokemon-images\Pyroar.jpg
Flabébé,Fairy,303,44,38,39,61,79,42,pokemon-images\Flabébé.jpg
Floette,Fairy,371,54,45,47,75,98,52,pokemon-images\Floette.jpg
Florges,Fairy,552,78,65,68,112,154,75,pokemon-images\Florges.jpg
Skiddo,Grass,350,66,65,48,62,57,52,pokemon-images\Skiddo.jpg
Gogoat,Grass,531,123,100,62,97,81,68,pokemon-images\Gogoat.jpg
Pancham,Fighting,348,67,82,62,46,48,43,pokemon-images\Pancham.jpg
Pangoro,Fighting/Dark,495,95,124,78,69,71,58,pokemon-images\Pangoro.jpg
Furfrou,Normal,472,75,80,60,65,90,102,pokemon-images\Furfrou.jpg
Espurr,Psychic,355,62,48,54,63,60,68,pokemon-images\Espurr.jpg
Male,Psychic,466,74,48,76,83,81,104,pokemon-images\Male.jpg
Female,Psychic,466,74,48,76,83,81,104,pokemon-images\Female.jpg
Honedge,Steel/Ghost,325,45,80,100,35,37,28,pokemon-images\Honedge.jpg
Doublade,Steel/Ghost,448,59,110,150,45,49,35,pokemon-images\Doublade.jpg
Shield Forme,Steel/Ghost,500,60,50,140,50,140,60,pokemon-images\Shield Forme.jpg
Blade Forme,Steel/Ghost,500,60,140,50,140,50,60,pokemon-images\Blade Forme.jpg
Spritzee,Fairy,341,78,52,60,63,65,23,pokemon-images\Spritzee.jpg
Aromatisse,Fairy,462,101,72,72,99,89,29,pokemon-images\Aromatisse.jpg
Swirlix,Fairy,341,62,48,66,59,57,49,pokemon-images\Swirlix.jpg
Slurpuff,Fairy,480,82,80,86,85,75,72,pokemon-images\Slurpuff.jpg
Inkay,Dark/Psychic,288,53,54,53,37,46,45,pokemon-images\Inkay.jpg
Malamar,Dark/Psychic,482,86,92,88,68,75,73,pokemon-images\Malamar.jpg
Binacle,Rock/Water,306,42,52,67,39,56,50,pokemon-images\Binacle.jpg
Barbaracle,Rock/Water,500,72,105,115,54,86,68,pokemon-images\Barbaracle.jpg
Skrelp,Poison/Water,320,50,60,60,60,60,30,pokemon-images\Skrelp.jpg
Dragalge,Poison/Dragon,494,65,75,90,97,123,44,pokemon-images\Dragalge.jpg
Clauncher,Water,330,50,53,62,58,63,44,pokemon-images\Clauncher.jpg
Clawitzer,Water,500,71,73,88,120,89,59,pokemon-images\Clawitzer.jpg
Helioptile,Electric/Normal,289,44,38,33,61,43,70,pokemon-images\Helioptile.jpg
Heliolisk,Electric/Normal,481,62,55,52,109,94,109,pokemon-images\Heliolisk.jpg
Tyrunt,Rock/Dragon,362,58,89,77,45,45,48,pokemon-images\Tyrunt.jpg
Tyrantrum,Rock/Dragon,521,82,121,119,69,59,71,pokemon-images\Tyrantrum.jpg
Amaura,Rock/Ice,362,77,59,50,67,63,46,pokemon-images\Amaura.jpg
Aurorus,Rock/Ice,521,123,77,72,99,92,58,pokemon-images\Aurorus.jpg
Sylveon,Fairy,525,95,65,65,110,130,60,pokemon-images\Sylveon.jpg
Hawlucha,Fighting/Flying,500,78,92,75,74,63,118,pokemon-images\Hawlucha.jpg
Dedenne,Electric/Fairy,431,67,58,57,81,67,101,pokemon-images\Dedenne.jpg
Carbink,Rock/Fairy,500,50,50,150,50,150,50,pokemon-images\Carbink.jpg
Goomy,Dragon,300,45,50,35,55,75,40,pokemon-images\Goomy.jpg
Sliggoo,Dragon,452,68,75,53,83,113,60,pokemon-images\Sliggoo.jpg
Hisuian Sliggoo,Steel/Dragon,452,58,75,83,83,113,40,pokemon-images\Hisuian Sliggoo.jpg
Goodra,Dragon,600,90,100,70,110,150,80,pokemon-images\Goodra.jpg
Hisuian Goodra,Steel/Dragon,600,80,100,100,110,150,60,pokemon-images\Hisuian Goodra.jpg
Klefki,Steel/Fairy,470,57,80,91,80,87,75,pokemon-images\Klefki.jpg
Phantump,Ghost/Grass,309,43,70,48,50,60,38,pokemon-images\Phantump.jpg
Trevenant,Ghost/Grass,474,85,110,76,65,82,56,pokemon-images\Trevenant.jpg
Average Size,Ghost/Grass,335,49,66,70,44,55,51,pokemon-images\Average Size.jpg
Small Size,Ghost/Grass,335,44,66,70,44,55,56,pokemon-images\Small Size.jpg
Large Size,Ghost/Grass,335,54,66,70,44,55,46,pokemon-images\Large Size.jpg
Super Size,Ghost/Grass,335,59,66,70,44,55,41,pokemon-images\Super Size.jpg
Average Size,Ghost/Grass,494,65,90,122,58,75,84,pokemon-images\Average Size.jpg
Small Size,Ghost/Grass,494,55,85,122,58,75,99,pokemon-images\Small Size.jpg
Large Size,Ghost/Grass,494,75,95,122,58,75,69,pokemon-images\Large Size.jpg
Super Size,Ghost/Grass,494,85,100,122,58,75,54,pokemon-images\Super Size.jpg
Bergmite,Ice,304,55,69,85,32,35,28,pokemon-images\Bergmite.jpg
Avalugg,Ice,514,95,117,184,44,46,28,pokemon-images\Avalugg.jpg
Hisuian Avalugg,Ice/Rock,514,95,127,184,34,36,38,pokemon-images\Hisuian Avalugg.jpg
Noibat,Flying/Dragon,245,40,30,35,45,40,55,pokemon-images\Noibat.jpg
Noivern,Flying/Dragon,535,85,70,80,97,80,123,pokemon-images\Noivern.jpg
Xerneas,Fairy,680,126,131,95,131,98,99,pokemon-images\Xerneas.jpg
Yveltal,Dark/Flying,680,126,131,95,131,98,99,pokemon-images\Yveltal.jpg
50% Forme,Dragon/Ground,600,108,100,121,81,95,95,pokemon-images\50% Forme.jpg
10% Forme,Dragon/Ground,486,54,100,71,61,85,115,pokemon-images\10% Forme.jpg
Complete Forme,Dragon/Ground,708,216,100,121,91,95,85,pokemon-images\Complete Forme.jpg
Diancie,Rock/Fairy,600,50,100,150,100,150,50,pokemon-images\Diancie.jpg
Mega Diancie,Rock/Fairy,700,50,160,110,160,110,110,pokemon-images\Mega Diancie.jpg
Hoopa Confined,Psychic/Ghost,600,80,110,60,150,130,70,pokemon-images\Hoopa Confined.jpg
Hoopa Unbound,Psychic/Dark,680,80,160,60,170,130,80,pokemon-images\Hoopa Unbound.jpg
Volcanion,Fire/Water,600,80,110,120,130,90,70,pokemon-images\Volcanion.jpg
Rowlet,Grass/Flying,320,68,55,55,50,50,42,pokemon-images\Rowlet.jpg
Dartrix,Grass/Flying,420,78,75,75,70,70,52,pokemon-images\Dartrix.jpg
Decidueye,Grass/Ghost,530,78,107,75,100,100,70,pokemon-images\Decidueye.jpg
Hisuian Decidueye,Grass/Fighting,530,88,112,80,95,95,60,pokemon-images\Hisuian Decidueye.jpg
Litten,Fire,320,45,65,40,60,40,70,pokemon-images\Litten.jpg
Torracat,Fire,420,65,85,50,80,50,90,pokemon-images\Torracat.jpg
Incineroar,Fire/Dark,530,95,115,90,80,90,60,pokemon-images\Incineroar.jpg
Popplio,Water,320,50,54,54,66,56,40,pokemon-images\Popplio.jpg
Brionne,Water,420,60,69,69,91,81,50,pokemon-images\Brionne.jpg
Primarina,Water/Fairy,530,80,74,74,126,116,60,pokemon-images\Primarina.jpg
Pikipek,Normal/Flying,265,35,75,30,30,30,65,pokemon-images\Pikipek.jpg
Trumbeak,Normal/Flying,355,55,85,50,40,50,75,pokemon-images\Trumbeak.jpg
Toucannon,Normal/Flying,485,80,120,75,75,75,60,pokemon-images\Toucannon.jpg
Yungoos,Normal,253,48,70,30,30,30,45,pokemon-images\Yungoos.jpg
Gumshoos,Normal,418,88,110,60,55,60,45,pokemon-images\Gumshoos.jpg
Grubbin,Bug,300,47,62,45,55,45,46,pokemon-images\Grubbin.jpg
Charjabug,Bug/Electric,400,57,82,95,55,75,36,pokemon-images\Charjabug.jpg
Vikavolt,Bug/Electric,500,77,70,90,145,75,43,pokemon-images\Vikavolt.jpg
Crabrawler,Fighting,338,47,82,57,42,47,63,pokemon-images\Crabrawler.jpg
Crabominable,Fighting/Ice,478,97,132,77,62,67,43,pokemon-images\Crabominable.jpg
Baile Style,Fire/Flying,476,75,70,70,98,70,93,pokemon-images\Baile Style.jpg
Pom-Pom Style,Electric/Flying,476,75,70,70,98,70,93,pokemon-images\Pom-Pom Style.jpg
Pa'u Style,Psychic/Flying,476,75,70,70,98,70,93,pokemon-images\Pa'u Style.jpg
Sensu Style,Ghost/Flying,476,75,70,70,98,70,93,pokemon-images\Sensu Style.jpg
Cutiefly,Bug/Fairy,304,40,45,40,55,40,84,pokemon-images\Cutiefly.jpg
Ribombee,Bug/Fairy,464,60,55,60,95,70,124,pokemon-images\Ribombee.jpg
Rockruff,Rock,280,45,65,40,30,40,60,pokemon-images\Rockruff.jpg
Own Tempo Rockruff,Rock,280,45,65,40,30,40,60,pokemon-images\Own Tempo Rockruff.jpg
Midday Form,Rock,487,75,115,65,55,65,112,pokemon-images\Midday Form.jpg
Midnight Form,Rock,487,85,115,75,55,75,82,pokemon-images\Midnight Form.jpg
Dusk Form,Rock,487,75,117,65,55,65,110,pokemon-images\Dusk Form.jpg
Solo Form,Water,175,45,20,20,25,25,40,pokemon-images\Solo Form.jpg
School Form,Water,620,45,140,130,140,135,30,pokemon-images\School Form.jpg
Mareanie,Poison/Water,305,50,53,62,43,52,45,pokemon-images\Mareanie.jpg
Toxapex,Poison/Water,495,50,63,152,53,142,35,pokemon-images\Toxapex.jpg
Mudbray,Ground,385,70,100,70,45,55,45,pokemon-images\Mudbray.jpg
Mudsdale,Ground,500,100,125,100,55,85,35,pokemon-images\Mudsdale.jpg
Dewpider,Water/Bug,269,38,40,52,40,72,27,pokemon-images\Dewpider.jpg
Araquanid,Water/Bug,454,68,70,92,50,132,42,pokemon-images\Araquanid.jpg
Fomantis,Grass,250,40,55,35,50,35,35,pokemon-images\Fomantis.jpg
Lurantis,Grass,480,70,105,90,80,90,45,pokemon-images\Lurantis.jpg
Morelull,Grass/Fairy,285,40,35,55,65,75,15,pokemon-images\Morelull.jpg
Shiinotic,Grass/Fairy,405,60,45,80,90,100,30,pokemon-images\Shiinotic.jpg
Salandit,Poison/Fire,320,48,44,40,71,40,77,pokemon-images\Salandit.jpg
Salazzle,Poison/Fire,480,68,64,60,111,60,117,pokemon-images\Salazzle.jpg
Stufful,Normal/Fighting,340,70,75,50,45,50,50,pokemon-images\Stufful.jpg
Bewear,Normal/Fighting,500,120,125,80,55,60,60,pokemon-images\Bewear.jpg
Bounsweet,Grass,210,42,30,38,30,38,32,pokemon-images\Bounsweet.jpg
Steenee,Grass,290,52,40,48,40,48,62,pokemon-images\Steenee.jpg
Tsareena,Grass,510,72,120,98,50,98,72,pokemon-images\Tsareena.jpg
Comfey,Fairy,485,51,52,90,82,110,100,pokemon-images\Comfey.jpg
Oranguru,Normal/Psychic,490,90,60,80,90,110,60,pokemon-images\Oranguru.jpg
Passimian,Fighting,490,100,120,90,40,60,80,pokemon-images\Passimian.jpg
Wimpod,Bug/Water,230,25,35,40,20,30,80,pokemon-images\Wimpod.jpg
Golisopod,Bug/Water,530,75,125,140,60,90,40,pokemon-images\Golisopod.jpg
Sandygast,Ghost/Ground,320,55,55,80,70,45,15,pokemon-images\Sandygast.jpg
Palossand,Ghost/Ground,480,85,75,110,100,75,35,pokemon-images\Palossand.jpg
Pyukumuku,Water,410,55,60,130,30,130,5,pokemon-images\Pyukumuku.jpg
Type: Null,Normal,534,95,95,95,95,95,59,pokemon-images\Type: Null.jpg
Silvally,Normal,570,95,95,95,95,95,95,pokemon-images\Silvally.jpg
Meteor Form,Rock/Flying,440,60,60,100,60,100,60,pokemon-images\Meteor Form.jpg
Core Form,Rock/Flying,500,60,100,60,100,60,120,pokemon-images\Core Form.jpg
Komala,Normal,480,65,115,65,75,95,65,pokemon-images\Komala.jpg
Turtonator,Fire/Dragon,485,60,78,135,91,85,36,pokemon-images\Turtonator.jpg
Togedemaru,Electric/Steel,435,65,98,63,40,73,96,pokemon-images\Togedemaru.jpg
Mimikyu,Ghost/Fairy,476,55,90,80,50,105,96,pokemon-images\Mimikyu.jpg
Bruxish,Water/Psychic,475,68,105,70,70,70,92,pokemon-images\Bruxish.jpg
Drampa,Normal/Dragon,485,78,60,85,135,91,36,pokemon-images\Drampa.jpg
Dhelmise,Ghost/Grass,517,70,131,100,86,90,40,pokemon-images\Dhelmise.jpg
Jangmo-o,Dragon,300,45,55,65,45,45,45,pokemon-images\Jangmo-o.jpg
Hakamo-o,Dragon/Fighting,420,55,75,90,65,70,65,pokemon-images\Hakamo-o.jpg
Kommo-o,Dragon/Fighting,600,75,110,125,100,105,85,pokemon-images\Kommo-o.jpg
Tapu Koko,Electric/Fairy,570,70,115,85,95,75,130,pokemon-images\Tapu Koko.jpg
Tapu Lele,Psychic/Fairy,570,70,85,75,130,115,95,pokemon-images\Tapu Lele.jpg
Tapu Bulu,Grass/Fairy,570,70,130,115,85,95,75,pokemon-images\Tapu Bulu.jpg
Tapu Fini,Water/Fairy,570,70,75,115,95,130,85,pokemon-images\Tapu Fini.jpg
Cosmog,Psychic,200,43,29,31,29,31,37,pokemon-images\Cosmog.jpg
Cosmoem,Psychic,400,43,29,131,29,131,37,pokemon-images\Cosmoem.jpg
Solgaleo,Psychic/Steel,680,137,137,107,113,89,97,pokemon-images\Solgaleo.jpg
Lunala,Psychic/Ghost,680,137,113,89,137,107,97,pokemon-images\Lunala.jpg
Nihilego,Rock/Poison,570,109,53,47,127,131,103,pokemon-images\Nihilego.jpg
Buzzwole,Bug/Fighting,570,107,139,139,53,53,79,pokemon-images\Buzzwole.jpg
Pheromosa,Bug/Fighting,570,71,137,37,137,37,151,pokemon-images\Pheromosa.jpg
Xurkitree,Electric,570,83,89,71,173,71,83,pokemon-images\Xurkitree.jpg
Celesteela,Steel/Flying,570,97,101,103,107,101,61,pokemon-images\Celesteela.jpg
Kartana,Grass/Steel,570,59,181,131,59,31,109,pokemon-images\Kartana.jpg
Guzzlord,Dark/Dragon,570,223,101,53,97,53,43,pokemon-images\Guzzlord.jpg
Necrozma,Psychic,600,97,107,101,127,89,79,pokemon-images\Necrozma.jpg
Dusk Mane Necrozma,Psychic/Steel,680,97,157,127,113,109,77,pokemon-images\Dusk Mane Necrozma.jpg
Dawn Wings Necrozma,Psychic/Ghost,680,97,113,109,157,127,77,pokemon-images\Dawn Wings Necrozma.jpg
Ultra Necrozma,Psychic/Dragon,754,97,167,97,167,97,129,pokemon-images\Ultra Necrozma.jpg
Magearna,Steel/Fairy,600,80,95,115,130,115,65,pokemon-images\Magearna.jpg
Marshadow,Fighting/Ghost,600,90,125,80,90,90,125,pokemon-images\Marshadow.jpg
Poipole,Poison,420,67,73,67,73,67,73,pokemon-images\Poipole.jpg
Naganadel,Poison/Dragon,540,73,73,73,127,73,121,pokemon-images\Naganadel.jpg
Stakataka,Rock/Steel,570,61,131,211,53,101,13,pokemon-images\Stakataka.jpg
Blacephalon,Fire/Ghost,570,53,127,53,151,79,107,pokemon-images\Blacephalon.jpg
Zeraora,Electric,600,88,112,75,102,80,143,pokemon-images\Zeraora.jpg
Meltan,Steel,300,46,65,65,55,35,34,pokemon-images\Meltan.jpg
Melmetal,Steel,600,135,143,143,80,65,34,pokemon-images\Melmetal.jpg
Grookey,Grass,310,50,65,50,40,40,65,pokemon-images\Grookey.jpg
Thwackey,Grass,420,70,85,70,55,60,80,pokemon-images\Thwackey.jpg
Rillaboom,Grass,530,100,125,90,60,70,85,pokemon-images\Rillaboom.jpg
Scorbunny,Fire,310,50,71,40,40,40,69,pokemon-images\Scorbunny.jpg
Raboot,Fire,420,65,86,60,55,60,94,pokemon-images\Raboot.jpg
Cinderace,Fire,530,80,116,75,65,75,119,pokemon-images\Cinderace.jpg
Sobble,Water,310,50,40,40,70,40,70,pokemon-images\Sobble.jpg
Drizzile,Water,420,65,60,55,95,55,90,pokemon-images\Drizzile.jpg
Inteleon,Water,530,70,85,65,125,65,120,pokemon-images\Inteleon.jpg
Skwovet,Normal,275,70,55,55,35,35,25,pokemon-images\Skwovet.jpg
Greedent,Normal,460,120,95,95,55,75,20,pokemon-images\Greedent.jpg
Rookidee,Flying,245,38,47,35,33,35,57,pokemon-images\Rookidee.jpg
Corvisquire,Flying,365,68,67,55,43,55,77,pokemon-images\Corvisquire.jpg
Corviknight,Flying/Steel,495,98,87,105,53,85,67,pokemon-images\Corviknight.jpg
Blipbug,Bug,180,25,20,20,25,45,45,pokemon-images\Blipbug.jpg
Dottler,Bug/Psychic,335,50,35,80,50,90,30,pokemon-images\Dottler.jpg
Orbeetle,Bug/Psychic,505,60,45,110,80,120,90,pokemon-images\Orbeetle.jpg
Nickit,Dark,245,40,28,28,47,52,50,pokemon-images\Nickit.jpg
Thievul,Dark,455,70,58,58,87,92,90,pokemon-images\Thievul.jpg
Gossifleur,Grass,250,40,40,60,40,60,10,pokemon-images\Gossifleur.jpg
Eldegoss,Grass,460,60,50,90,80,120,60,pokemon-images\Eldegoss.jpg
Wooloo,Normal,270,42,40,55,40,45,48,pokemon-images\Wooloo.jpg
Dubwool,Normal,490,72,80,100,60,90,88,pokemon-images\Dubwool.jpg
Chewtle,Water,284,50,64,50,38,38,44,pokemon-images\Chewtle.jpg
Drednaw,Water/Rock,485,90,115,90,48,68,74,pokemon-images\Drednaw.jpg
Yamper,Electric,270,59,45,50,40,50,26,pokemon-images\Yamper.jpg
Boltund,Electric,490,69,90,60,90,60,121,pokemon-images\Boltund.jpg
Rolycoly,Rock,240,30,40,50,40,50,30,pokemon-images\Rolycoly.jpg
Carkol,Rock/Fire,410,80,60,90,60,70,50,pokemon-images\Carkol.jpg
Coalossal,Rock/Fire,510,110,80,120,80,90,30,pokemon-images\Coalossal.jpg
Applin,Grass/Dragon,260,40,40,80,40,40,20,pokemon-images\Applin.jpg
Flapple,Grass/Dragon,485,70,110,80,95,60,70,pokemon-images\Flapple.jpg
Appletun,Grass/Dragon,485,110,85,80,100,80,30,pokemon-images\Appletun.jpg
Silicobra,Ground,315,52,57,75,35,50,46,pokemon-images\Silicobra.jpg
Sandaconda,Ground,510,72,107,125,65,70,71,pokemon-images\Sandaconda.jpg
Cramorant,Flying/Water,475,70,85,55,85,95,85,pokemon-images\Cramorant.jpg
Arrokuda,Water,280,41,63,40,40,30,66,pokemon-images\Arrokuda.jpg
Barraskewda,Water,490,61,123,60,60,50,136,pokemon-images\Barraskewda.jpg
Toxel,Electric/Poison,242,40,38,35,54,35,40,pokemon-images\Toxel.jpg
Amped Form,Electric/Poison,502,75,98,70,114,70,75,pokemon-images\Amped Form.jpg
Low Key Form,Electric/Poison,502,75,98,70,114,70,75,pokemon-images\Low Key Form.jpg
Sizzlipede,Fire/Bug,305,50,65,45,50,50,45,pokemon-images\Sizzlipede.jpg
Centiskorch,Fire/Bug,525,100,115,65,90,90,65,pokemon-images\Centiskorch.jpg
Clobbopus,Fighting,310,50,68,60,50,50,32,pokemon-images\Clobbopus.jpg
Grapploct,Fighting,480,80,118,90,70,80,42,pokemon-images\Grapploct.jpg
Sinistea,Ghost,308,40,45,45,74,54,50,pokemon-images\Sinistea.jpg
Polteageist,Ghost,508,60,65,65,134,114,70,pokemon-images\Polteageist.jpg
Hatenna,Psychic,265,42,30,45,56,53,39,pokemon-images\Hatenna.jpg
Hattrem,Psychic,370,57,40,65,86,73,49,pokemon-images\Hattrem.jpg
Hatterene,Psychic/Fairy,510,57,90,95,136,103,29,pokemon-images\Hatterene.jpg
Impidimp,Dark/Fairy,265,45,45,30,55,40,50,pokemon-images\Impidimp.jpg
Morgrem,Dark/Fairy,370,65,60,45,75,55,70,pokemon-images\Morgrem.jpg
Grimmsnarl,Dark/Fairy,510,95,120,65,95,75,60,pokemon-images\Grimmsnarl.jpg
Obstagoon,Dark/Normal,520,93,90,101,60,81,95,pokemon-images\Obstagoon.jpg
Perrserker,Steel,440,70,110,100,50,60,50,pokemon-images\Perrserker.jpg
Cursola,Ghost,510,60,95,50,145,130,30,pokemon-images\Cursola.jpg
Sirfetch'd,Fighting,507,62,135,95,68,82,65,pokemon-images\Sirfetch'd.jpg
Mr. Rime,Ice/Psychic,520,80,85,75,110,100,70,pokemon-images\Mr. Rime.jpg
Runerigus,Ground/Ghost,483,58,95,145,50,105,30,pokemon-images\Runerigus.jpg
Milcery,Fairy,270,45,40,40,50,61,34,pokemon-images\Milcery.jpg
Alcremie,Fairy,495,65,60,75,110,121,64,pokemon-images\Alcremie.jpg
Falinks,Fighting,470,65,100,100,70,60,75,pokemon-images\Falinks.jpg
Pincurchin,Electric,435,48,101,95,91,85,15,pokemon-images\Pincurchin.jpg
Snom,Ice/Bug,185,30,25,35,45,30,20,pokemon-images\Snom.jpg
Frosmoth,Ice/Bug,475,70,65,60,125,90,65,pokemon-images\Frosmoth.jpg
Stonjourner,Rock,470,100,125,135,20,20,70,pokemon-images\Stonjourner.jpg
Ice Face,Ice,470,75,80,110,65,90,50,pokemon-images\Ice Face.jpg
Noice Face,Ice,470,75,80,70,65,50,130,pokemon-images\Noice Face.jpg
Male,Psychic/Normal,475,60,65,55,105,95,95,pokemon-images\Male.jpg
Female,Psychic/Normal,475,70,55,65,95,105,85,pokemon-images\Female.jpg
Full Belly Mode,Electric/Dark,436,58,95,58,70,58,97,pokemon-images\Full Belly Mode.jpg
Hangry Mode,Electric/Dark,436,58,95,58,70,58,97,pokemon-images\Hangry Mode.jpg
Cufant,Steel,330,72,80,49,40,49,40,pokemon-images\Cufant.jpg
Copperajah,Steel,500,122,130,69,80,69,30,pokemon-images\Copperajah.jpg
Dracozolt,Electric/Dragon,505,90,100,90,80,70,75,pokemon-images\Dracozolt.jpg
Arctozolt,Electric/Ice,505,90,100,90,90,80,55,pokemon-images\Arctozolt.jpg
Dracovish,Water/Dragon,505,90,90,100,70,80,75,pokemon-images\Dracovish.jpg
Arctovish,Water/Ice,505,90,90,100,80,90,55,pokemon-images\Arctovish.jpg
Duraludon,Steel/Dragon,535,70,95,115,120,50,85,pokemon-images\Duraludon.jpg
Dreepy,Dragon/Ghost,270,28,60,30,40,30,82,pokemon-images\Dreepy.jpg
Drakloak,Dragon/Ghost,410,68,80,50,60,50,102,pokemon-images\Drakloak.jpg
Dragapult,Dragon/Ghost,600,88,120,75,100,75,142,pokemon-images\Dragapult.jpg
Hero of Many Battles,Fairy,660,92,120,115,80,115,138,pokemon-images\Hero of Many Battles.jpg
Crowned Sword,Fairy/Steel,700,92,150,115,80,115,148,pokemon-images\Crowned Sword.jpg
Hero of Many Battles,Fighting,660,92,120,115,80,115,138,pokemon-images\Hero of Many Battles.jpg
Crowned Shield,Fighting/Steel,700,92,120,140,80,140,128,pokemon-images\Crowned Shield.jpg
Eternatus,Poison/Dragon,690,140,85,95,145,95,130,pokemon-images\Eternatus.jpg
Eternamax,Poison/Dragon,1125,255,115,250,125,250,130,pokemon-images\Eternamax.jpg
Kubfu,Fighting,385,60,90,60,53,50,72,pokemon-images\Kubfu.jpg
Single Strike Style,Fighting/Dark,550,100,130,100,63,60,97,pokemon-images\Single Strike Style.jpg
Rapid Strike Style,Fighting/Water,550,100,130,100,63,60,97,pokemon-images\Rapid Strike Style.jpg
Zarude,Dark/Grass,600,105,120,105,70,95,105,pokemon-images\Zarude.jpg
Regieleki,Electric,580,80,100,50,100,50,200,pokemon-images\Regieleki.jpg
Regidrago,Dragon,580,200,100,50,100,50,80,pokemon-images\Regidrago.jpg
Glastrier,Ice,580,100,145,130,65,110,30,pokemon-images\Glastrier.jpg
Spectrier,Ghost,580,100,65,60,145,80,130,pokemon-images\Spectrier.jpg
Calyrex,Psychic/Grass,500,100,80,80,80,80,80,pokemon-images\Calyrex.jpg
Ice Rider,Psychic/Ice,680,100,165,150,85,130,50,pokemon-images\Ice Rider.jpg
Shadow Rider,Psychic/Ghost,680,100,85,80,165,100,150,pokemon-images\Shadow Rider.jpg
Wyrdeer,Normal/Psychic,525,103,105,72,105,75,65,pokemon-images\Wyrdeer.jpg
Kleavor,Bug/Rock,500,70,135,95,45,70,85,pokemon-images\Kleavor.jpg
Ursaluna,Ground/Normal,550,130,140,105,45,80,50,pokemon-images\Ursaluna.jpg
Bloodmoon,Ground/Normal,555,113,70,120,135,65,52,pokemon-images\Bloodmoon.jpg
Male,Water/Ghost,530,120,112,65,80,75,78,pokemon-images\Male.jpg
Female,Water/Ghost,530,120,92,65,100,75,78,pokemon-images\Female.jpg
Sneasler,Fighting/Poison,510,80,130,60,40,80,120,pokemon-images\Sneasler.jpg
Overqwil,Dark/Poison,510,85,115,95,65,65,85,pokemon-images\Overqwil.jpg
Incarnate Forme,Fairy/Flying,580,74,115,70,135,80,106,pokemon-images\Incarnate Forme.jpg
Therian Forme,Fairy/Flying,580,74,115,110,135,100,46,pokemon-images\Therian Forme.jpg
Sprigatito,Grass,310,40,61,54,45,45,65,pokemon-images\Sprigatito.jpg
Floragato,Grass,410,61,80,63,60,63,83,pokemon-images\Floragato.jpg
Meowscarada,Grass/Dark,530,76,110,70,81,70,123,pokemon-images\Meowscarada.jpg
Fuecoco,Fire,310,67,45,59,63,40,36,pokemon-images\Fuecoco.jpg
Crocalor,Fire,411,81,55,78,90,58,49,pokemon-images\Crocalor.jpg
Skeledirge,Fire/Ghost,530,104,75,100,110,75,66,pokemon-images\Skeledirge.jpg
Quaxly,Water,310,55,65,45,50,45,50,pokemon-images\Quaxly.jpg
Quaxwell,Water,410,70,85,65,65,60,65,pokemon-images\Quaxwell.jpg
Quaquaval,Water/Fighting,530,85,120,80,85,75,85,pokemon-images\Quaquaval.jpg
Lechonk,Normal,254,54,45,40,35,45,35,pokemon-images\Lechonk.jpg
Male,Normal,489,110,100,75,59,80,65,pokemon-images\Male.jpg
Female,Normal,489,115,90,70,59,90,65,pokemon-images\Female.jpg
Tarountula,Bug,210,35,41,45,29,40,20,pokemon-images\Tarountula.jpg
Spidops,Bug,404,60,79,92,52,86,35,pokemon-images\Spidops.jpg
Nymble,Bug,210,33,46,40,21,25,45,pokemon-images\Nymble.jpg
Lokix,Bug/Dark,450,71,102,78,52,55,92,pokemon-images\Lokix.jpg
Pawmi,Electric,240,45,50,20,40,25,60,pokemon-images\Pawmi.jpg
Pawmo,Electric/Fighting,350,60,75,40,50,40,85,pokemon-images\Pawmo.jpg
Pawmot,Electric/Fighting,490,70,115,70,70,60,105,pokemon-images\Pawmot.jpg
Tandemaus,Normal,305,50,50,45,40,45,75,pokemon-images\Tandemaus.jpg
Family of Four,Normal,470,74,75,70,65,75,111,pokemon-images\Family of Four.jpg
Family of Three,Normal,470,74,75,70,65,75,111,pokemon-images\Family of Three.jpg
Fidough,Fairy,312,37,55,70,30,55,65,pokemon-images\Fidough.jpg
Dachsbun,Fairy,477,57,80,115,50,80,95,pokemon-images\Dachsbun.jpg
Smoliv,Grass/Normal,260,41,35,45,58,51,30,pokemon-images\Smoliv.jpg
Dolliv,Grass/Normal,354,52,53,60,78,78,33,pokemon-images\Dolliv.jpg
Arboliva,Grass/Normal,510,78,69,90,125,109,39,pokemon-images\Arboliva.jpg
Green Plumage,Normal/Flying,417,82,96,51,45,51,92,pokemon-images\Green Plumage.jpg
Blue Plumage,Normal/Flying,417,82,96,51,45,51,92,pokemon-images\Blue Plumage.jpg
Yellow Plumage,Normal/Flying,417,82,96,51,45,51,92,pokemon-images\Yellow Plumage.jpg
White Plumage,Normal/Flying,417,82,96,51,45,51,92,pokemon-images\White Plumage.jpg
Nacli,Rock,280,55,55,75,35,35,25,pokemon-images\Nacli.jpg
Naclstack,Rock,355,60,60,100,35,65,35,pokemon-images\Naclstack.jpg
Garganacl,Rock,500,100,100,130,45,90,35,pokemon-images\Garganacl.jpg
Charcadet,Fire,255,40,50,40,50,40,35,pokemon-images\Charcadet.jpg
Armarouge,Fire/Psychic,525,85,60,100,125,80,75,pokemon-images\Armarouge.jpg
Ceruledge,Fire/Ghost,525,75,125,80,60,100,85,pokemon-images\Ceruledge.jpg
Tadbulb,Electric,272,61,31,41,59,35,45,pokemon-images\Tadbulb.jpg
Bellibolt,Electric,495,109,64,91,103,83,45,pokemon-images\Bellibolt.jpg
Wattrel,Electric/Flying,280,40,40,35,55,40,70,pokemon-images\Wattrel.jpg
Kilowattrel,Electric/Flying,490,70,70,60,105,60,125,pokemon-images\Kilowattrel.jpg
Maschiff,Dark,340,60,78,60,40,51,51,pokemon-images\Maschiff.jpg
Mabosstiff,Dark,505,80,120,90,60,70,85,pokemon-images\Mabosstiff.jpg
Shroodle,Poison/Normal,290,40,65,35,40,35,75,pokemon-images\Shroodle.jpg
Grafaiai,Poison/Normal,485,63,95,65,80,72,110,pokemon-images\Grafaiai.jpg
Bramblin,Grass/Ghost,275,40,65,30,45,35,60,pokemon-images\Bramblin.jpg
Brambleghast,Grass/Ghost,480,55,115,70,80,70,90,pokemon-images\Brambleghast.jpg
Toedscool,Ground/Grass,335,40,40,35,50,100,70,pokemon-images\Toedscool.jpg
Toedscruel,Ground/Grass,515,80,70,65,80,120,100,pokemon-images\Toedscruel.jpg
Klawf,Rock,450,70,100,115,35,55,75,pokemon-images\Klawf.jpg
Capsakid,Grass,304,50,62,40,62,40,50,pokemon-images\Capsakid.jpg
Scovillain,Grass/Fire,486,65,108,65,108,65,75,pokemon-images\Scovillain.jpg
Rellor,Bug,270,41,50,60,31,58,30,pokemon-images\Rellor.jpg
Rabsca,Bug/Psychic,470,75,50,85,115,100,45,pokemon-images\Rabsca.jpg
Flittle,Psychic,255,30,35,30,55,30,75,pokemon-images\Flittle.jpg
Espathra,Psychic,481,95,60,60,101,60,105,pokemon-images\Espathra.jpg
Tinkatink,Fairy/Steel,297,50,45,45,35,64,58,pokemon-images\Tinkatink.jpg
Tinkatuff,Fairy/Steel,380,65,55,55,45,82,78,pokemon-images\Tinkatuff.jpg
Tinkaton,Fairy/Steel,506,85,75,77,70,105,94,pokemon-images\Tinkaton.jpg
Wiglett,Water,245,10,55,25,35,25,95,pokemon-images\Wiglett.jpg
Wugtrio,Water,425,35,100,50,50,70,120,pokemon-images\Wugtrio.jpg
Bombirdier,Flying/Dark,485,70,103,85,60,85,82,pokemon-images\Bombirdier.jpg
Finizen,Water,315,70,45,40,45,40,75,pokemon-images\Finizen.jpg
Zero Form,Water,457,100,70,72,53,62,100,pokemon-images\Zero Form.jpg
Hero Form,Water,650,100,160,97,106,87,100,pokemon-images\Hero Form.jpg
Varoom,Steel/Poison,300,45,70,63,30,45,47,pokemon-images\Varoom.jpg
Revavroom,Steel/Poison,500,80,119,90,54,67,90,pokemon-images\Revavroom.jpg
Cyclizar,Dragon/Normal,501,70,95,65,85,65,121,pokemon-images\Cyclizar.jpg
Orthworm,Steel,480,70,85,145,60,55,65,pokemon-images\Orthworm.jpg
Glimmet,Rock/Poison,350,48,35,42,105,60,60,pokemon-images\Glimmet.jpg
Glimmora,Rock/Poison,525,83,55,90,130,81,86,pokemon-images\Glimmora.jpg
Greavard,Ghost,290,50,61,60,30,55,34,pokemon-images\Greavard.jpg
Houndstone,Ghost,488,72,101,100,50,97,68,pokemon-images\Houndstone.jpg
Flamigo,Flying/Fighting,500,82,115,74,75,64,90,pokemon-images\Flamigo.jpg
Cetoddle,Ice,334,108,68,45,30,40,43,pokemon-images\Cetoddle.jpg
Cetitan,Ice,521,170,113,65,45,55,73,pokemon-images\Cetitan.jpg
Veluza,Water/Psychic,478,90,102,73,78,65,70,pokemon-images\Veluza.jpg
Dondozo,Water,530,150,100,115,65,65,35,pokemon-images\Dondozo.jpg
Curly Form,Dragon/Water,475,68,50,60,120,95,82,pokemon-images\Curly Form.jpg
Droopy Form,Dragon/Water,475,68,50,60,120,95,82,pokemon-images\Droopy Form.jpg
Stretchy Form,Dragon/Water,475,68,50,60,120,95,82,pokemon-images\Stretchy Form.jpg
Annihilape,Fighting/Ghost,535,110,115,80,50,90,90,pokemon-images\Annihilape.jpg
Clodsire,Poison/Ground,430,130,75,60,45,100,20,pokemon-images\Clodsire.jpg
Farigiraf,Normal/Psychic,520,120,90,70,110,70,60,pokemon-images\Farigiraf.jpg
Two-Segment Form,Normal,520,125,100,80,85,75,55,pokemon-images\Two-Segment Form.jpg
Three-Segment Form,Normal,520,125,100,80,85,75,55,pokemon-images\Three-Segment Form.jpg
Kingambit,Dark/Steel,550,100,135,120,60,85,50,pokemon-images\Kingambit.jpg
Great Tusk,Ground/Fighting,570,115,131,131,53,53,87,pokemon-images\Great Tusk.jpg
Scream Tail,Fairy/Psychic,570,115,65,99,65,115,111,pokemon-images\Scream Tail.jpg
Brute Bonnet,Grass/Dark,570,111,127,99,79,99,55,pokemon-images\Brute Bonnet.jpg
Flutter Mane,Ghost/Fairy,570,55,55,55,135,135,135,pokemon-images\Flutter Mane.jpg
Slither Wing,Bug/Fighting,570,85,135,79,85,105,81,pokemon-images\Slither Wing.jpg
Sandy Shocks,Electric/Ground,570,85,81,97,121,85,101,pokemon-images\Sandy Shocks.jpg
Iron Treads,Ground/Steel,570,90,112,120,72,70,106,pokemon-images\Iron Treads.jpg
Iron Bundle,Ice/Water,570,56,80,114,124,60,136,pokemon-images\Iron Bundle.jpg
Iron Hands,Fighting/Electric,570,154,140,108,50,68,50,pokemon-images\Iron Hands.jpg
Iron Jugulis,Dark/Flying,570,94,80,86,122,80,108,pokemon-images\Iron Jugulis.jpg
Iron Moth,Fire/Poison,570,80,70,60,140,110,110,pokemon-images\Iron Moth.jpg
Iron Thorns,Rock/Electric,570,100,134,110,70,84,72,pokemon-images\Iron Thorns.jpg
Frigibax,Dragon/Ice,320,65,75,45,35,45,55,pokemon-images\Frigibax.jpg
Arctibax,Dragon/Ice,423,90,95,66,45,65,62,pokemon-images\Arctibax.jpg
Baxcalibur,Dragon/Ice,600,115,145,92,75,86,87,pokemon-images\Baxcalibur.jpg
Chest Form,Ghost,300,45,30,70,75,70,10,pokemon-images\Chest Form.jpg
Roaming Form,Ghost,300,45,30,25,75,45,80,pokemon-images\Roaming Form.jpg
Gholdengo,Steel/Ghost,550,87,60,95,133,91,84,pokemon-images\Gholdengo.jpg
Wo-Chien,Dark/Grass,570,85,85,100,95,135,70,pokemon-images\Wo-Chien.jpg
Chien-Pao,Dark/Ice,570,80,120,80,90,65,135,pokemon-images\Chien-Pao.jpg
Ting-Lu,Dark/Ground,570,155,110,125,55,80,45,pokemon-images\Ting-Lu.jpg
Chi-Yu,Dark/Fire,570,55,80,80,135,120,100,pokemon-images\Chi-Yu.jpg
Roaring Moon,Dragon/Dark,590,105,139,71,55,101,119,pokemon-images\Roaring Moon.jpg
Iron Valiant,Fairy/Fighting,590,74,130,90,120,60,116,pokemon-images\Iron Valiant.jpg
Koraidon,Fighting/Dragon,670,100,135,115,85,100,135,pokemon-images\Koraidon.jpg
Miraidon,Electric/Dragon,670,100,85,100,135,115,135,pokemon-images\Miraidon.jpg
Walking Wake,Water/Dragon,590,99,83,91,125,83,109,pokemon-images\Walking Wake.jpg
Iron Leaves,Grass/Psychic,590,90,130,88,70,108,104,pokemon-images\Iron Leaves.jpg
Dipplin,Grass/Dragon,485,80,80,110,95,80,40,pokemon-images\Dipplin.jpg
Poltchageist,Grass/Ghost,308,40,45,45,74,54,50,pokemon-images\Poltchageist.jpg
Sinistcha,Grass/Ghost,508,71,60,106,121,80,70,pokemon-images\Sinistcha.jpg
Okidogi,Poison/Fighting,555,88,128,115,58,86,80,pokemon-images\Okidogi.jpg
Munkidori,Poison/Psychic,555,88,75,66,130,90,106,pokemon-images\Munkidori.jpg
Fezandipiti,Poison/Fairy,555,88,91,82,70,125,99,pokemon-images\Fezandipiti.jpg
Teal Mask,Grass,550,80,120,84,60,96,110,pokemon-images\Teal Mask.jpg
Wellspring Mask,Grass/Water,550,80,120,84,60,96,110,pokemon-images\Wellspring Mask.jpg
Hearthflame Mask,Grass/Fire,550,80,120,84,60,96,110,pokemon-images\Hearthflame Mask.jpg
Cornerstone Mask,Grass/Rock,550,80,120,84,60,96,110,pokemon-images\Cornerstone Mask.jpg
Archaludon,Steel/Dragon,600,90,105,130,125,65,85,pokemon-images\Archaludon.jpg
Hydrapple,Grass/Dragon,540,106,80,110,120,80,44,pokemon-images\Hydrapple.jpg
Gouging Fire,Fire/Dragon,590,105,115,121,65,93,91,pokemon-images\Gouging Fire.jpg
Raging Bolt,Electric/Dragon,590,125,73,91,137,89,75,pokemon-images\Raging Bolt.jpg
Iron Boulder,Rock/Psychic,590,90,120,80,68,108,124,pokemon-images\Iron Boulder.jpg
Iron Crown,Steel/Psychic,590,90,72,100,122,108,98,pokemon-images\Iron Crown.jpg
Normal Form,Normal,450,90,65,85,65,85,60,pokemon-images\Normal Form.jpg
Terastal Form,Normal,600,95,95,110,105,110,85,pokemon-images\Terastal Form.jpg
Stellar Form,Normal,700,160,105,110,130,110,85,pokemon-images\Stellar Form.jpg
Pecharunt,Poison/Ghost,600,88,88,160,88,88,88,pokemon-images\Pecharunt.jpg
